codigo,item,rubro,subrubro,deposito,stock,precioLista,precioTransfer,precioSImp,precio3cuotas,fotos,talles,bordados,descripcion,textiles
L-WW-BU-ST22,Buzo Standard Unisex Azul Marino 2XL,PRODUCTO WORKWEAR,BUZO,ECOMMERCE,10,"$35,900.00","$30,515.00","$29,669.42","$11,966.67",buzo-standard-unisex/buzo-standard-unisex-azulmarino-1,buzo-standard-unisex.jpg,superiores.jpg,"Buzo unisex de frisa, con escote redondo y terminaciones en rib a tono en puños, cuello y ruedo para un calce cómodo y moderno. Incluye tapacostura interno de jersey a tono, que aporta refuerzo y una terminación prolija. Confeccionado en frisa suave y abrigada, ideal para uso laboral o urbano. Una prenda básica, resistente y confortable para todo tipo de actividad.",FRIZA - 12% POLIESTER  y 88% ALGODÓN
L-WW-BU-ST36,Buzo Standard Unisex Azul Marino 2XS,PRODUCTO WORKWEAR,BUZO,ECOMMERCE,2,"$35,900.00","$30,515.00","$29,669.42","$11,966.67",buzo-standard-unisex/buzo-standard-unisex-azulmarino-1,buzo-standard-unisex.jpg,superiores.jpg,"Buzo unisex de frisa, con escote redondo y terminaciones en rib a tono en puños, cuello y ruedo para un calce cómodo y moderno. Incluye tapacostura interno de jersey a tono, que aporta refuerzo y una terminación prolija. Confeccionado en frisa suave y abrigada, ideal para uso laboral o urbano. Una prenda básica, resistente y confortable para todo tipo de actividad.",FRIZA - 12% POLIESTER  y 88% ALGODÓN
L-WW-BU-ST23,Buzo Standard Unisex Azul Marino 3XL,PRODUCTO WORKWEAR,BUZO,ECOMMERCE,3,"$35,900.00","$30,515.00","$29,669.42","$11,966.67",buzo-standard-unisex/buzo-standard-unisex-azulmarino-1,buzo-standard-unisex.jpg,superiores.jpg,"Buzo unisex de frisa, con escote redondo y terminaciones en rib a tono en puños, cuello y ruedo para un calce cómodo y moderno. Incluye tapacostura interno de jersey a tono, que aporta refuerzo y una terminación prolija. Confeccionado en frisa suave y abrigada, ideal para uso laboral o urbano. Una prenda básica, resistente y confortable para todo tipo de actividad.",FRIZA - 12% POLIESTER  y 88% ALGODÓN
L-WW-BU-ST20,Buzo Standard Unisex Azul Marino L,PRODUCTO WORKWEAR,BUZO,ECOMMERCE,10,"$35,900.00","$30,515.00","$29,669.42","$11,966.67",buzo-standard-unisex/buzo-standard-unisex-azulmarino-1,buzo-standard-unisex.jpg,superiores.jpg,"Buzo unisex de frisa, con escote redondo y terminaciones en rib a tono en puños, cuello y ruedo para un calce cómodo y moderno. Incluye tapacostura interno de jersey a tono, que aporta refuerzo y una terminación prolija. Confeccionado en frisa suave y abrigada, ideal para uso laboral o urbano. Una prenda básica, resistente y confortable para todo tipo de actividad.",FRIZA - 12% POLIESTER  y 88% ALGODÓN
L-WW-BU-ST19,Buzo Standard Unisex Azul Marino M,PRODUCTO WORKWEAR,BUZO,ECOMMERCE,8,"$35,900.00","$30,515.00","$29,669.42","$11,966.67",buzo-standard-unisex/buzo-standard-unisex-azulmarino-1,buzo-standard-unisex.jpg,superiores.jpg,"Buzo unisex de frisa, con escote redondo y terminaciones en rib a tono en puños, cuello y ruedo para un calce cómodo y moderno. Incluye tapacostura interno de jersey a tono, que aporta refuerzo y una terminación prolija. Confeccionado en frisa suave y abrigada, ideal para uso laboral o urbano. Una prenda básica, resistente y confortable para todo tipo de actividad.",FRIZA - 12% POLIESTER  y 88% ALGODÓN
L-WW-BU-ST18,Buzo Standard Unisex Azul Marino S,PRODUCTO WORKWEAR,BUZO,ECOMMERCE,10,"$35,900.00","$30,515.00","$29,669.42","$11,966.67",buzo-standard-unisex/buzo-standard-unisex-azulmarino-1,buzo-standard-unisex.jpg,superiores.jpg,"Buzo unisex de frisa, con escote redondo y terminaciones en rib a tono en puños, cuello y ruedo para un calce cómodo y moderno. Incluye tapacostura interno de jersey a tono, que aporta refuerzo y una terminación prolija. Confeccionado en frisa suave y abrigada, ideal para uso laboral o urbano. Una prenda básica, resistente y confortable para todo tipo de actividad.",FRIZA - 12% POLIESTER  y 88% ALGODÓN
L-WW-BU-ST21,Buzo Standard Unisex Azul Marino XL,PRODUCTO WORKWEAR,BUZO,ECOMMERCE,10,"$35,900.00","$30,515.00","$29,669.42","$11,966.67",buzo-standard-unisex/buzo-standard-unisex-azulmarino-1,buzo-standard-unisex.jpg,superiores.jpg,"Buzo unisex de frisa, con escote redondo y terminaciones en rib a tono en puños, cuello y ruedo para un calce cómodo y moderno. Incluye tapacostura interno de jersey a tono, que aporta refuerzo y una terminación prolija. Confeccionado en frisa suave y abrigada, ideal para uso laboral o urbano. Una prenda básica, resistente y confortable para todo tipo de actividad.",FRIZA - 12% POLIESTER  y 88% ALGODÓN
L-WW-BU-ST17,Buzo Standard Unisex Azul Marino XS,PRODUCTO WORKWEAR,BUZO,ECOMMERCE,5,"$35,900.00","$30,515.00","$29,669.42","$11,966.67",buzo-standard-unisex/buzo-standard-unisex-azulmarino-1,buzo-standard-unisex.jpg,superiores.jpg,"Buzo unisex de frisa, con escote redondo y terminaciones en rib a tono en puños, cuello y ruedo para un calce cómodo y moderno. Incluye tapacostura interno de jersey a tono, que aporta refuerzo y una terminación prolija. Confeccionado en frisa suave y abrigada, ideal para uso laboral o urbano. Una prenda básica, resistente y confortable para todo tipo de actividad.",FRIZA - 12% POLIESTER  y 88% ALGODÓN
L-WW-BU-ST14,Buzo Standard Unisex Gris Melange 2XL,PRODUCTO WORKWEAR,BUZO,ECOMMERCE,4,"$35,900.00","$30,515.00","$29,669.42","$11,966.67",buzo-standard-unisex/buzo-standard-unisex-grismelange-1,buzo-standard-unisex.jpg,superiores.jpg,"Buzo unisex de frisa, con escote redondo y terminaciones en rib a tono en puños, cuello y ruedo para un calce cómodo y moderno. Incluye tapacostura interno de jersey a tono, que aporta refuerzo y una terminación prolija. Confeccionado en frisa suave y abrigada, ideal para uso laboral o urbano. Una prenda básica, resistente y confortable para todo tipo de actividad.",FRIZA - 12% POLIESTER  y 88% ALGODÓN
L-WW-BU-ST35,Buzo Standard Unisex Gris Melange 2XS,PRODUCTO WORKWEAR,BUZO,ECOMMERCE,1,"$35,900.00","$30,515.00","$29,669.42","$11,966.67",buzo-standard-unisex/buzo-standard-unisex-grismelange-1,buzo-standard-unisex.jpg,superiores.jpg,"Buzo unisex de frisa, con escote redondo y terminaciones en rib a tono en puños, cuello y ruedo para un calce cómodo y moderno. Incluye tapacostura interno de jersey a tono, que aporta refuerzo y una terminación prolija. Confeccionado en frisa suave y abrigada, ideal para uso laboral o urbano. Una prenda básica, resistente y confortable para todo tipo de actividad.",FRIZA - 12% POLIESTER  y 88% ALGODÓN
L-WW-BU-ST15,Buzo Standard Unisex Gris Melange 3XL,PRODUCTO WORKWEAR,BUZO,ECOMMERCE,2,"$35,900.00","$30,515.00","$29,669.42","$11,966.67",buzo-standard-unisex/buzo-standard-unisex-grismelange-1,buzo-standard-unisex.jpg,superiores.jpg,"Buzo unisex de frisa, con escote redondo y terminaciones en rib a tono en puños, cuello y ruedo para un calce cómodo y moderno. Incluye tapacostura interno de jersey a tono, que aporta refuerzo y una terminación prolija. Confeccionado en frisa suave y abrigada, ideal para uso laboral o urbano. Una prenda básica, resistente y confortable para todo tipo de actividad.",FRIZA - 12% POLIESTER  y 88% ALGODÓN
L-WW-BU-ST12,Buzo Standard Unisex Gris Melange L,PRODUCTO WORKWEAR,BUZO,ECOMMERCE,4,"$35,900.00","$30,515.00","$29,669.42","$11,966.67",buzo-standard-unisex/buzo-standard-unisex-grismelange-1,buzo-standard-unisex.jpg,superiores.jpg,"Buzo unisex de frisa, con escote redondo y terminaciones en rib a tono en puños, cuello y ruedo para un calce cómodo y moderno. Incluye tapacostura interno de jersey a tono, que aporta refuerzo y una terminación prolija. Confeccionado en frisa suave y abrigada, ideal para uso laboral o urbano. Una prenda básica, resistente y confortable para todo tipo de actividad.",FRIZA - 12% POLIESTER  y 88% ALGODÓN
L-WW-BU-ST11,Buzo Standard Unisex Gris Melange M,PRODUCTO WORKWEAR,BUZO,ECOMMERCE,5,"$35,900.00","$30,515.00","$29,669.42","$11,966.67",buzo-standard-unisex/buzo-standard-unisex-grismelange-1,buzo-standard-unisex.jpg,superiores.jpg,"Buzo unisex de frisa, con escote redondo y terminaciones en rib a tono en puños, cuello y ruedo para un calce cómodo y moderno. Incluye tapacostura interno de jersey a tono, que aporta refuerzo y una terminación prolija. Confeccionado en frisa suave y abrigada, ideal para uso laboral o urbano. Una prenda básica, resistente y confortable para todo tipo de actividad.",FRIZA - 12% POLIESTER  y 88% ALGODÓN
L-WW-BU-ST10,Buzo Standard Unisex Gris Melange S,PRODUCTO WORKWEAR,BUZO,ECOMMERCE,5,"$35,900.00","$30,515.00","$29,669.42","$11,966.67",buzo-standard-unisex/buzo-standard-unisex-grismelange-1,buzo-standard-unisex.jpg,superiores.jpg,"Buzo unisex de frisa, con escote redondo y terminaciones en rib a tono en puños, cuello y ruedo para un calce cómodo y moderno. Incluye tapacostura interno de jersey a tono, que aporta refuerzo y una terminación prolija. Confeccionado en frisa suave y abrigada, ideal para uso laboral o urbano. Una prenda básica, resistente y confortable para todo tipo de actividad.",FRIZA - 12% POLIESTER  y 88% ALGODÓN
L-WW-BU-ST13,Buzo Standard Unisex Gris Melange XL,PRODUCTO WORKWEAR,BUZO,ECOMMERCE,5,"$35,900.00","$30,515.00","$29,669.42","$11,966.67",buzo-standard-unisex/buzo-standard-unisex-grismelange-1,buzo-standard-unisex.jpg,superiores.jpg,"Buzo unisex de frisa, con escote redondo y terminaciones en rib a tono en puños, cuello y ruedo para un calce cómodo y moderno. Incluye tapacostura interno de jersey a tono, que aporta refuerzo y una terminación prolija. Confeccionado en frisa suave y abrigada, ideal para uso laboral o urbano. Una prenda básica, resistente y confortable para todo tipo de actividad.",FRIZA - 12% POLIESTER  y 88% ALGODÓN
L-WW-BU-ST9,Buzo Standard Unisex Gris Melange XS,PRODUCTO WORKWEAR,BUZO,ECOMMERCE,2,"$35,900.00","$30,515.00","$29,669.42","$11,966.67",buzo-standard-unisex/buzo-standard-unisex-grismelange-1,buzo-standard-unisex.jpg,superiores.jpg,"Buzo unisex de frisa, con escote redondo y terminaciones en rib a tono en puños, cuello y ruedo para un calce cómodo y moderno. Incluye tapacostura interno de jersey a tono, que aporta refuerzo y una terminación prolija. Confeccionado en frisa suave y abrigada, ideal para uso laboral o urbano. Una prenda básica, resistente y confortable para todo tipo de actividad.",FRIZA - 12% POLIESTER  y 88% ALGODÓN
L-WW-BU-ST6,Buzo Standard Unisex Gris topo 2XL,PRODUCTO WORKWEAR,BUZO,ECOMMERCE,3,"$35,900.00","$30,515.00","$29,669.42","$11,966.67",buzo-standard-unisex/buzo-standard-unisex-gristopo-1,buzo-standard-unisex.jpg,superiores.jpg,"Buzo unisex de frisa, con escote redondo y terminaciones en rib a tono en puños, cuello y ruedo para un calce cómodo y moderno. Incluye tapacostura interno de jersey a tono, que aporta refuerzo y una terminación prolija. Confeccionado en frisa suave y abrigada, ideal para uso laboral o urbano. Una prenda básica, resistente y confortable para todo tipo de actividad.",FRIZA - 12% POLIESTER  y 88% ALGODÓN
L-WW-BU-ST34,Buzo Standard Unisex Gris topo 2XS,PRODUCTO WORKWEAR,BUZO,ECOMMERCE,2,"$35,900.00","$30,515.00","$29,669.42","$11,966.67",buzo-standard-unisex/buzo-standard-unisex-gristopo-1,buzo-standard-unisex.jpg,superiores.jpg,"Buzo unisex de frisa, con escote redondo y terminaciones en rib a tono en puños, cuello y ruedo para un calce cómodo y moderno. Incluye tapacostura interno de jersey a tono, que aporta refuerzo y una terminación prolija. Confeccionado en frisa suave y abrigada, ideal para uso laboral o urbano. Una prenda básica, resistente y confortable para todo tipo de actividad.",FRIZA - 12% POLIESTER  y 88% ALGODÓN
L-WW-BU-ST7,Buzo Standard Unisex Gris topo 3XL,PRODUCTO WORKWEAR,BUZO,ECOMMERCE,2,"$35,900.00","$30,515.00","$29,669.42","$11,966.67",buzo-standard-unisex/buzo-standard-unisex-gristopo-1,buzo-standard-unisex.jpg,superiores.jpg,"Buzo unisex de frisa, con escote redondo y terminaciones en rib a tono en puños, cuello y ruedo para un calce cómodo y moderno. Incluye tapacostura interno de jersey a tono, que aporta refuerzo y una terminación prolija. Confeccionado en frisa suave y abrigada, ideal para uso laboral o urbano. Una prenda básica, resistente y confortable para todo tipo de actividad.",FRIZA - 12% POLIESTER  y 88% ALGODÓN
L-WW-BU-ST4,Buzo Standard Unisex Gris topo L,PRODUCTO WORKWEAR,BUZO,ECOMMERCE,5,"$35,900.00","$30,515.00","$29,669.42","$11,966.67",buzo-standard-unisex/buzo-standard-unisex-gristopo-1,buzo-standard-unisex.jpg,superiores.jpg,"Buzo unisex de frisa, con escote redondo y terminaciones en rib a tono en puños, cuello y ruedo para un calce cómodo y moderno. Incluye tapacostura interno de jersey a tono, que aporta refuerzo y una terminación prolija. Confeccionado en frisa suave y abrigada, ideal para uso laboral o urbano. Una prenda básica, resistente y confortable para todo tipo de actividad.",FRIZA - 12% POLIESTER  y 88% ALGODÓN
L-WW-BU-ST3,Buzo Standard Unisex Gris topo M,PRODUCTO WORKWEAR,BUZO,ECOMMERCE,4,"$35,900.00","$30,515.00","$29,669.42","$11,966.67",buzo-standard-unisex/buzo-standard-unisex-gristopo-1,buzo-standard-unisex.jpg,superiores.jpg,"Buzo unisex de frisa, con escote redondo y terminaciones en rib a tono en puños, cuello y ruedo para un calce cómodo y moderno. Incluye tapacostura interno de jersey a tono, que aporta refuerzo y una terminación prolija. Confeccionado en frisa suave y abrigada, ideal para uso laboral o urbano. Una prenda básica, resistente y confortable para todo tipo de actividad.",FRIZA - 12% POLIESTER  y 88% ALGODÓN
L-WW-BU-ST2,Buzo Standard Unisex Gris topo S,PRODUCTO WORKWEAR,BUZO,ECOMMERCE,5,"$35,900.00","$30,515.00","$29,669.42","$11,966.67",buzo-standard-unisex/buzo-standard-unisex-gristopo-1,buzo-standard-unisex.jpg,superiores.jpg,"Buzo unisex de frisa, con escote redondo y terminaciones en rib a tono en puños, cuello y ruedo para un calce cómodo y moderno. Incluye tapacostura interno de jersey a tono, que aporta refuerzo y una terminación prolija. Confeccionado en frisa suave y abrigada, ideal para uso laboral o urbano. Una prenda básica, resistente y confortable para todo tipo de actividad.",FRIZA - 12% POLIESTER  y 88% ALGODÓN
L-WW-BU-ST5,Buzo Standard Unisex Gris topo XL,PRODUCTO WORKWEAR,BUZO,ECOMMERCE,5,"$35,900.00","$30,515.00","$29,669.42","$11,966.67",buzo-standard-unisex/buzo-standard-unisex-gristopo-1,buzo-standard-unisex.jpg,superiores.jpg,"Buzo unisex de frisa, con escote redondo y terminaciones en rib a tono en puños, cuello y ruedo para un calce cómodo y moderno. Incluye tapacostura interno de jersey a tono, que aporta refuerzo y una terminación prolija. Confeccionado en frisa suave y abrigada, ideal para uso laboral o urbano. Una prenda básica, resistente y confortable para todo tipo de actividad.",FRIZA - 12% POLIESTER  y 88% ALGODÓN
L-WW-BU-ST1,Buzo Standard Unisex Gris topo XS,PRODUCTO WORKWEAR,BUZO,ECOMMERCE,2,"$35,900.00","$30,515.00","$29,669.42","$11,966.67",buzo-standard-unisex/buzo-standard-unisex-gristopo-1,buzo-standard-unisex.jpg,superiores.jpg,"Buzo unisex de frisa, con escote redondo y terminaciones en rib a tono en puños, cuello y ruedo para un calce cómodo y moderno. Incluye tapacostura interno de jersey a tono, que aporta refuerzo y una terminación prolija. Confeccionado en frisa suave y abrigada, ideal para uso laboral o urbano. Una prenda básica, resistente y confortable para todo tipo de actividad.",FRIZA - 12% POLIESTER  y 88% ALGODÓN
L-WW-BU-ST30,Buzo Standard Unisex Negro 2XL,PRODUCTO WORKWEAR,BUZO,ECOMMERCE,10,"$35,900.00","$30,515.00","$29,669.42","$11,966.67",buzo-standard-unisex/buzo-standard-unisex-negro-1,buzo-standard-unisex.jpg,superiores.jpg,"Buzo unisex de frisa, con escote redondo y terminaciones en rib a tono en puños, cuello y ruedo para un calce cómodo y moderno. Incluye tapacostura interno de jersey a tono, que aporta refuerzo y una terminación prolija. Confeccionado en frisa suave y abrigada, ideal para uso laboral o urbano. Una prenda básica, resistente y confortable para todo tipo de actividad.",FRIZA - 12% POLIESTER  y 88% ALGODÓN
L-WW-BU-ST33,Buzo Standard Unisex Negro 2XS,PRODUCTO WORKWEAR,BUZO,ECOMMERCE,3,"$35,900.00","$30,515.00","$29,669.42","$11,966.67",buzo-standard-unisex/buzo-standard-unisex-negro-1,buzo-standard-unisex.jpg,superiores.jpg,"Buzo unisex de frisa, con escote redondo y terminaciones en rib a tono en puños, cuello y ruedo para un calce cómodo y moderno. Incluye tapacostura interno de jersey a tono, que aporta refuerzo y una terminación prolija. Confeccionado en frisa suave y abrigada, ideal para uso laboral o urbano. Una prenda básica, resistente y confortable para todo tipo de actividad.",FRIZA - 12% POLIESTER  y 88% ALGODÓN
L-WW-BU-ST31,Buzo Standard Unisex Negro 3XL,PRODUCTO WORKWEAR,BUZO,ECOMMERCE,3,"$35,900.00","$30,515.00","$29,669.42","$11,966.67",buzo-standard-unisex/buzo-standard-unisex-negro-1,buzo-standard-unisex.jpg,superiores.jpg,"Buzo unisex de frisa, con escote redondo y terminaciones en rib a tono en puños, cuello y ruedo para un calce cómodo y moderno. Incluye tapacostura interno de jersey a tono, que aporta refuerzo y una terminación prolija. Confeccionado en frisa suave y abrigada, ideal para uso laboral o urbano. Una prenda básica, resistente y confortable para todo tipo de actividad.",FRIZA - 12% POLIESTER  y 88% ALGODÓN
L-WW-BU-ST28,Buzo Standard Unisex Negro L,PRODUCTO WORKWEAR,BUZO,ECOMMERCE,8,"$35,900.00","$30,515.00","$29,669.42","$11,966.67",buzo-standard-unisex/buzo-standard-unisex-negro-1,buzo-standard-unisex.jpg,superiores.jpg,"Buzo unisex de frisa, con escote redondo y terminaciones en rib a tono en puños, cuello y ruedo para un calce cómodo y moderno. Incluye tapacostura interno de jersey a tono, que aporta refuerzo y una terminación prolija. Confeccionado en frisa suave y abrigada, ideal para uso laboral o urbano. Una prenda básica, resistente y confortable para todo tipo de actividad.",FRIZA - 12% POLIESTER  y 88% ALGODÓN
L-WW-BU-ST27,Buzo Standard Unisex Negro M,PRODUCTO WORKWEAR,BUZO,ECOMMERCE,8,"$35,900.00","$30,515.00","$29,669.42","$11,966.67",buzo-standard-unisex/buzo-standard-unisex-negro-1,buzo-standard-unisex.jpg,superiores.jpg,"Buzo unisex de frisa, con escote redondo y terminaciones en rib a tono en puños, cuello y ruedo para un calce cómodo y moderno. Incluye tapacostura interno de jersey a tono, que aporta refuerzo y una terminación prolija. Confeccionado en frisa suave y abrigada, ideal para uso laboral o urbano. Una prenda básica, resistente y confortable para todo tipo de actividad.",FRIZA - 12% POLIESTER  y 88% ALGODÓN
L-WW-BU-ST26,Buzo Standard Unisex Negro S,PRODUCTO WORKWEAR,BUZO,ECOMMERCE,10,"$35,900.00","$30,515.00","$29,669.42","$11,966.67",buzo-standard-unisex/buzo-standard-unisex-negro-1,buzo-standard-unisex.jpg,superiores.jpg,"Buzo unisex de frisa, con escote redondo y terminaciones en rib a tono en puños, cuello y ruedo para un calce cómodo y moderno. Incluye tapacostura interno de jersey a tono, que aporta refuerzo y una terminación prolija. Confeccionado en frisa suave y abrigada, ideal para uso laboral o urbano. Una prenda básica, resistente y confortable para todo tipo de actividad.",FRIZA - 12% POLIESTER  y 88% ALGODÓN
L-WW-BU-ST29,Buzo Standard Unisex Negro XL,PRODUCTO WORKWEAR,BUZO,ECOMMERCE,8,"$35,900.00","$30,515.00","$29,669.42","$11,966.67",buzo-standard-unisex/buzo-standard-unisex-negro-1,buzo-standard-unisex.jpg,superiores.jpg,"Buzo unisex de frisa, con escote redondo y terminaciones en rib a tono en puños, cuello y ruedo para un calce cómodo y moderno. Incluye tapacostura interno de jersey a tono, que aporta refuerzo y una terminación prolija. Confeccionado en frisa suave y abrigada, ideal para uso laboral o urbano. Una prenda básica, resistente y confortable para todo tipo de actividad.",FRIZA - 12% POLIESTER  y 88% ALGODÓN
L-WW-BU-ST25,Buzo Standard Unisex Negro XS,PRODUCTO WORKWEAR,BUZO,ECOMMERCE,5,"$35,900.00","$30,515.00","$29,669.42","$11,966.67",buzo-standard-unisex/buzo-standard-unisex-negro-1,buzo-standard-unisex.jpg,superiores.jpg,"Buzo unisex de frisa, con escote redondo y terminaciones en rib a tono en puños, cuello y ruedo para un calce cómodo y moderno. Incluye tapacostura interno de jersey a tono, que aporta refuerzo y una terminación prolija. Confeccionado en frisa suave y abrigada, ideal para uso laboral o urbano. Una prenda básica, resistente y confortable para todo tipo de actividad.",FRIZA - 12% POLIESTER  y 88% ALGODÓN
L-WW-CAM-DR20,Camisa Drill Dama Celeste 36,PRODUCTO WORKWEAR,CAMISA,ECOMMERCE,2,"$45,990.00","$39,091.50","$38,008.26","$15,330.00",camisa-drill-dama/camisa-drill-dama-celeste-1,camisa-drill-dama.jpg,superiores.jpg,"Camisa de trabajo para dama con corte sport y diseño entallado, que ofrece comodidad y estilo profesional. Cuenta con pinzas de busto y espalda para un calce femenino y favorecedor.
 Confeccionada en tela Oxford de alta calidad, resistente y fresca. Detalles de botones bicapa blancos.Disponible en celeste o gris. Ideal para uniformes empresariales o uso diario.",OXFORD 72%ALGODON 28%POLIESTER
L-WW-CAM-DR21,Camisa Drill Dama Celeste 38,PRODUCTO WORKWEAR,CAMISA,ECOMMERCE,10,"$45,990.00","$39,091.50","$38,008.26","$15,330.00",camisa-drill-dama/camisa-drill-dama-celeste-1,camisa-drill-dama.jpg,superiores.jpg,"Camisa de trabajo para dama con corte sport y diseño entallado, que ofrece comodidad y estilo profesional. Cuenta con pinzas de busto y espalda para un calce femenino y favorecedor.
 Confeccionada en tela Oxford de alta calidad, resistente y fresca. Detalles de botones bicapa blancos.Disponible en celeste o gris. Ideal para uniformes empresariales o uso diario.",OXFORD 72%ALGODON 28%POLIESTER
L-WW-CAM-DR22,Camisa Drill Dama Celeste 40,PRODUCTO WORKWEAR,CAMISA,ECOMMERCE,9,"$45,990.00","$39,091.50","$38,008.26","$15,330.00",camisa-drill-dama/camisa-drill-dama-celeste-1,camisa-drill-dama.jpg,superiores.jpg,"Camisa de trabajo para dama con corte sport y diseño entallado, que ofrece comodidad y estilo profesional. Cuenta con pinzas de busto y espalda para un calce femenino y favorecedor.
 Confeccionada en tela Oxford de alta calidad, resistente y fresca. Detalles de botones bicapa blancos.Disponible en celeste o gris. Ideal para uniformes empresariales o uso diario.",OXFORD 72%ALGODON 28%POLIESTER
L-WW-CAM-DR23,Camisa Drill Dama Celeste 42,PRODUCTO WORKWEAR,CAMISA,ECOMMERCE,10,"$45,990.00","$39,091.50","$38,008.26","$15,330.00",camisa-drill-dama/camisa-drill-dama-celeste-1,camisa-drill-dama.jpg,superiores.jpg,"Camisa de trabajo para dama con corte sport y diseño entallado, que ofrece comodidad y estilo profesional. Cuenta con pinzas de busto y espalda para un calce femenino y favorecedor.
 Confeccionada en tela Oxford de alta calidad, resistente y fresca. Detalles de botones bicapa blancos.Disponible en celeste o gris. Ideal para uniformes empresariales o uso diario.",OXFORD 72%ALGODON 28%POLIESTER
L-WW-CAM-DR24,Camisa Drill Dama Celeste 44,PRODUCTO WORKWEAR,CAMISA,ECOMMERCE,8,"$45,990.00","$39,091.50","$38,008.26","$15,330.00",camisa-drill-dama/camisa-drill-dama-celeste-1,camisa-drill-dama.jpg,superiores.jpg,"Camisa de trabajo para dama con corte sport y diseño entallado, que ofrece comodidad y estilo profesional. Cuenta con pinzas de busto y espalda para un calce femenino y favorecedor.
 Confeccionada en tela Oxford de alta calidad, resistente y fresca. Detalles de botones bicapa blancos.Disponible en celeste o gris. Ideal para uniformes empresariales o uso diario.",OXFORD 72%ALGODON 28%POLIESTER
L-WW-CAM-DR25,Camisa Drill Dama Celeste 46,PRODUCTO WORKWEAR,CAMISA,ECOMMERCE,5,"$45,990.00","$39,091.50","$38,008.26","$15,330.00",camisa-drill-dama/camisa-drill-dama-celeste-1,camisa-drill-dama.jpg,superiores.jpg,"Camisa de trabajo para dama con corte sport y diseño entallado, que ofrece comodidad y estilo profesional. Cuenta con pinzas de busto y espalda para un calce femenino y favorecedor.
 Confeccionada en tela Oxford de alta calidad, resistente y fresca. Detalles de botones bicapa blancos.Disponible en celeste o gris. Ideal para uniformes empresariales o uso diario.",OXFORD 72%ALGODON 28%POLIESTER
L-WW-CAM-DR26,Camisa Drill Dama Celeste 48,PRODUCTO WORKWEAR,CAMISA,ECOMMERCE,3,"$45,990.00","$39,091.50","$38,008.26","$15,330.00",camisa-drill-dama/camisa-drill-dama-celeste-1,camisa-drill-dama.jpg,superiores.jpg,"Camisa de trabajo para dama con corte sport y diseño entallado, que ofrece comodidad y estilo profesional. Cuenta con pinzas de busto y espalda para un calce femenino y favorecedor.
 Confeccionada en tela Oxford de alta calidad, resistente y fresca. Detalles de botones bicapa blancos.Disponible en celeste o gris. Ideal para uniformes empresariales o uso diario.",OXFORD 72%ALGODON 28%POLIESTER
L-WW-CAM-DR27,Camisa Drill Dama Celeste 50,PRODUCTO WORKWEAR,CAMISA,ECOMMERCE,3,"$45,990.00","$39,091.50","$38,008.26","$15,330.00",camisa-drill-dama/camisa-drill-dama-celeste-1,camisa-drill-dama.jpg,superiores.jpg,"Camisa de trabajo para dama con corte sport y diseño entallado, que ofrece comodidad y estilo profesional. Cuenta con pinzas de busto y espalda para un calce femenino y favorecedor.
 Confeccionada en tela Oxford de alta calidad, resistente y fresca. Detalles de botones bicapa blancos.Disponible en celeste o gris. Ideal para uniformes empresariales o uso diario.",OXFORD 72%ALGODON 28%POLIESTER
L-WW-CAM-DR30,Camisa Drill Dama Gris 38,PRODUCTO WORKWEAR,CAMISA,ECOMMERCE,2,"$45,990.00","$39,091.50","$38,008.26","$15,330.00",camisa-drill-dama/camisa-drill-dama-gris-1,camisa-drill-dama.jpg,superiores.jpg,"Camisa de trabajo para dama con corte sport y diseño entallado, que ofrece comodidad y estilo profesional. Cuenta con pinzas de busto y espalda para un calce femenino y favorecedor.
 Confeccionada en tela Oxford de alta calidad, resistente y fresca. Detalles de botones bicapa blancos.Disponible en celeste o gris. Ideal para uniformes empresariales o uso diario.",OXFORD 72%ALGODON 28%POLIESTER
L-WW-CAM-DR31,Camisa Drill Dama Gris 40,PRODUCTO WORKWEAR,CAMISA,ECOMMERCE,1,"$45,990.00","$39,091.50","$38,008.26","$15,330.00",camisa-drill-dama/camisa-drill-dama-gris-1,camisa-drill-dama.jpg,superiores.jpg,"Camisa de trabajo para dama con corte sport y diseño entallado, que ofrece comodidad y estilo profesional. Cuenta con pinzas de busto y espalda para un calce femenino y favorecedor.
 Confeccionada en tela Oxford de alta calidad, resistente y fresca. Detalles de botones bicapa blancos.Disponible en celeste o gris. Ideal para uniformes empresariales o uso diario.",OXFORD 72%ALGODON 28%POLIESTER
L-WW-CAM-DR32,Camisa Drill Dama Gris 42,PRODUCTO WORKWEAR,CAMISA,ECOMMERCE,1,"$45,990.00","$39,091.50","$38,008.26","$15,330.00",camisa-drill-dama/camisa-drill-dama-gris-1,camisa-drill-dama.jpg,superiores.jpg,"Camisa de trabajo para dama con corte sport y diseño entallado, que ofrece comodidad y estilo profesional. Cuenta con pinzas de busto y espalda para un calce femenino y favorecedor.
 Confeccionada en tela Oxford de alta calidad, resistente y fresca. Detalles de botones bicapa blancos.Disponible en celeste o gris. Ideal para uniformes empresariales o uso diario.",OXFORD 72%ALGODON 28%POLIESTER
L-WW-CAM-DR33,Camisa Drill Dama Gris 44,PRODUCTO WORKWEAR,CAMISA,ECOMMERCE,1,"$45,990.00","$39,091.50","$38,008.26","$15,330.00",camisa-drill-dama/camisa-drill-dama-gris-1,camisa-drill-dama.jpg,superiores.jpg,"Camisa de trabajo para dama con corte sport y diseño entallado, que ofrece comodidad y estilo profesional. Cuenta con pinzas de busto y espalda para un calce femenino y favorecedor.
 Confeccionada en tela Oxford de alta calidad, resistente y fresca. Detalles de botones bicapa blancos.Disponible en celeste o gris. Ideal para uniformes empresariales o uso diario.",OXFORD 72%ALGODON 28%POLIESTER
L-WW-CAM-DR34,Camisa Drill Dama Gris 46,PRODUCTO WORKWEAR,CAMISA,ECOMMERCE,1,"$45,990.00","$39,091.50","$38,008.26","$15,330.00",camisa-drill-dama/camisa-drill-dama-gris-1,camisa-drill-dama.jpg,superiores.jpg,"Camisa de trabajo para dama con corte sport y diseño entallado, que ofrece comodidad y estilo profesional. Cuenta con pinzas de busto y espalda para un calce femenino y favorecedor.
 Confeccionada en tela Oxford de alta calidad, resistente y fresca. Detalles de botones bicapa blancos.Disponible en celeste o gris. Ideal para uniformes empresariales o uso diario.",OXFORD 72%ALGODON 28%POLIESTER
L-WW-CAM-DR35,Camisa Drill Dama Gris 48,PRODUCTO WORKWEAR,CAMISA,ECOMMERCE,1,"$45,990.00","$39,091.50","$38,008.26","$15,330.00",camisa-drill-dama/camisa-drill-dama-gris-1,camisa-drill-dama.jpg,superiores.jpg,"Camisa de trabajo para dama con corte sport y diseño entallado, que ofrece comodidad y estilo profesional. Cuenta con pinzas de busto y espalda para un calce femenino y favorecedor.
 Confeccionada en tela Oxford de alta calidad, resistente y fresca. Detalles de botones bicapa blancos.Disponible en celeste o gris. Ideal para uniformes empresariales o uso diario.",OXFORD 72%ALGODON 28%POLIESTER
L-WW-CAM-DR36,Camisa Drill Dama Gris 50,PRODUCTO WORKWEAR,CAMISA,ECOMMERCE,1,"$45,990.00","$39,091.50","$38,008.26","$15,330.00",camisa-drill-dama/camisa-drill-dama-gris-1,camisa-drill-dama.jpg,superiores.jpg,"Camisa de trabajo para dama con corte sport y diseño entallado, que ofrece comodidad y estilo profesional. Cuenta con pinzas de busto y espalda para un calce femenino y favorecedor.
 Confeccionada en tela Oxford de alta calidad, resistente y fresca. Detalles de botones bicapa blancos.Disponible en celeste o gris. Ideal para uniformes empresariales o uso diario.",OXFORD 72%ALGODON 28%POLIESTER
L-WW-CAM-DR39,Camisa Drill Hombre Blanco 38,PRODUCTO WORKWEAR,CAMISA,ECOMMERCE,2,"$48,990.00","$41,641.50","$40,487.60","$16,330.00",camisa-drill-hombre/camisa-drill-hombre-blanco-1,camisa-drill-hombre.jpg,superiores.jpg,"Camisa de trabajo para hombre con corte sport clásico, ideal para un look profesional y cómodo. Diseñada con canesú en la espalda que mejora el calce y la movilidad. Posee manga larga y cuello con botones bicapa blancos. Confeccionada en tela Oxford de alta calidad, resistente y fácil de mantener. Disponible en celeste o gris. Perfecta para uniformes empresariales o uso diario.",OXFORD 72%ALGODON 28%POLIESTER
L-WW-CAM-DR40,Camisa Drill Hombre Blanco 40,PRODUCTO WORKWEAR,CAMISA,ECOMMERCE,4,"$48,990.00","$41,641.50","$40,487.60","$16,330.00",camisa-drill-hombre/camisa-drill-hombre-blanco-1,camisa-drill-hombre.jpg,superiores.jpg,"Camisa de trabajo para hombre con corte sport clásico, ideal para un look profesional y cómodo. Diseñada con canesú en la espalda que mejora el calce y la movilidad. Posee manga larga y cuello con botones bicapa blancos. Confeccionada en tela Oxford de alta calidad, resistente y fácil de mantener. Disponible en celeste o gris. Perfecta para uniformes empresariales o uso diario.",OXFORD 72%ALGODON 28%POLIESTER
L-WW-CAM-DR41,Camisa Drill Hombre Blanco 42,PRODUCTO WORKWEAR,CAMISA,ECOMMERCE,3,"$48,990.00","$41,641.50","$40,487.60","$16,330.00",camisa-drill-hombre/camisa-drill-hombre-blanco-1,camisa-drill-hombre.jpg,superiores.jpg,"Camisa de trabajo para hombre con corte sport clásico, ideal para un look profesional y cómodo. Diseñada con canesú en la espalda que mejora el calce y la movilidad. Posee manga larga y cuello con botones bicapa blancos. Confeccionada en tela Oxford de alta calidad, resistente y fácil de mantener. Disponible en celeste o gris. Perfecta para uniformes empresariales o uso diario.",OXFORD 72%ALGODON 28%POLIESTER
L-WW-CAM-DR42,Camisa Drill Hombre Blanco 44,PRODUCTO WORKWEAR,CAMISA,ECOMMERCE,4,"$48,990.00","$41,641.50","$40,487.60","$16,330.00",camisa-drill-hombre/camisa-drill-hombre-blanco-1,camisa-drill-hombre.jpg,superiores.jpg,"Camisa de trabajo para hombre con corte sport clásico, ideal para un look profesional y cómodo. Diseñada con canesú en la espalda que mejora el calce y la movilidad. Posee manga larga y cuello con botones bicapa blancos. Confeccionada en tela Oxford de alta calidad, resistente y fácil de mantener. Disponible en celeste o gris. Perfecta para uniformes empresariales o uso diario.",OXFORD 72%ALGODON 28%POLIESTER
L-WW-CAM-DR43,Camisa Drill Hombre Blanco 46,PRODUCTO WORKWEAR,CAMISA,ECOMMERCE,4,"$48,990.00","$41,641.50","$40,487.60","$16,330.00",camisa-drill-hombre/camisa-drill-hombre-blanco-1,camisa-drill-hombre.jpg,superiores.jpg,"Camisa de trabajo para hombre con corte sport clásico, ideal para un look profesional y cómodo. Diseñada con canesú en la espalda que mejora el calce y la movilidad. Posee manga larga y cuello con botones bicapa blancos. Confeccionada en tela Oxford de alta calidad, resistente y fácil de mantener. Disponible en celeste o gris. Perfecta para uniformes empresariales o uso diario.",OXFORD 72%ALGODON 28%POLIESTER
L-WW-CAM-DR44,Camisa Drill Hombre Blanco 48,PRODUCTO WORKWEAR,CAMISA,ECOMMERCE,2,"$48,990.00","$41,641.50","$40,487.60","$16,330.00",camisa-drill-hombre/camisa-drill-hombre-blanco-1,camisa-drill-hombre.jpg,superiores.jpg,"Camisa de trabajo para hombre con corte sport clásico, ideal para un look profesional y cómodo. Diseñada con canesú en la espalda que mejora el calce y la movilidad. Posee manga larga y cuello con botones bicapa blancos. Confeccionada en tela Oxford de alta calidad, resistente y fácil de mantener. Disponible en celeste o gris. Perfecta para uniformes empresariales o uso diario.",OXFORD 72%ALGODON 28%POLIESTER
L-WW-CAM-DR45,Camisa Drill Hombre Blanco 50,PRODUCTO WORKWEAR,CAMISA,ECOMMERCE,2,"$48,990.00","$41,641.50","$40,487.60","$16,330.00",camisa-drill-hombre/camisa-drill-hombre-blanco-1,camisa-drill-hombre.jpg,superiores.jpg,"Camisa de trabajo para hombre con corte sport clásico, ideal para un look profesional y cómodo. Diseñada con canesú en la espalda que mejora el calce y la movilidad. Posee manga larga y cuello con botones bicapa blancos. Confeccionada en tela Oxford de alta calidad, resistente y fácil de mantener. Disponible en celeste o gris. Perfecta para uniformes empresariales o uso diario.",OXFORD 72%ALGODON 28%POLIESTER
L-WW-CAM-DR46,Camisa Drill Hombre Blanco 52,PRODUCTO WORKWEAR,CAMISA,ECOMMERCE,2,"$48,990.00","$41,641.50","$40,487.60","$16,330.00",camisa-drill-hombre/camisa-drill-hombre-blanco-1,camisa-drill-hombre.jpg,superiores.jpg,"Camisa de trabajo para hombre con corte sport clásico, ideal para un look profesional y cómodo. Diseñada con canesú en la espalda que mejora el calce y la movilidad. Posee manga larga y cuello con botones bicapa blancos. Confeccionada en tela Oxford de alta calidad, resistente y fácil de mantener. Disponible en celeste o gris. Perfecta para uniformes empresariales o uso diario.",OXFORD 72%ALGODON 28%POLIESTER
L-WW-CAM-DR37,Camisa Drill Hombre Celeste 38,PRODUCTO WORKWEAR,CAMISA,ECOMMERCE,3,"$48,990.00","$41,641.50","$40,487.60","$16,330.00",camisa-drill-hombre/camisa-drill-hombre-celeste-1,camisa-drill-hombre.jpg,superiores.jpg,"Camisa de trabajo para hombre con corte sport clásico, ideal para un look profesional y cómodo. Diseñada con canesú en la espalda que mejora el calce y la movilidad. Posee manga larga y cuello con botones bicapa blancos. Confeccionada en tela Oxford de alta calidad, resistente y fácil de mantener. Disponible en celeste o gris. Perfecta para uniformes empresariales o uso diario.",OXFORD 72%ALGODON 28%POLIESTER
L-WW-CAM-DR1,Camisa Drill Hombre Celeste 40,PRODUCTO WORKWEAR,CAMISA,ECOMMERCE,5,"$48,990.00","$41,641.50","$40,487.60","$16,330.00",camisa-drill-hombre/camisa-drill-hombre-celeste-1,camisa-drill-hombre.jpg,superiores.jpg,"Camisa de trabajo para hombre con corte sport clásico, ideal para un look profesional y cómodo. Diseñada con canesú en la espalda que mejora el calce y la movilidad. Posee manga larga y cuello con botones bicapa blancos. Confeccionada en tela Oxford de alta calidad, resistente y fácil de mantener. Disponible en celeste o gris. Perfecta para uniformes empresariales o uso diario.",OXFORD 72%ALGODON 28%POLIESTER
L-WW-CAM-DR2,Camisa Drill Hombre Celeste 42,PRODUCTO WORKWEAR,CAMISA,ECOMMERCE,8,"$48,990.00","$41,641.50","$40,487.60","$16,330.00",camisa-drill-hombre/camisa-drill-hombre-celeste-1,camisa-drill-hombre.jpg,superiores.jpg,"Camisa de trabajo para hombre con corte sport clásico, ideal para un look profesional y cómodo. Diseñada con canesú en la espalda que mejora el calce y la movilidad. Posee manga larga y cuello con botones bicapa blancos. Confeccionada en tela Oxford de alta calidad, resistente y fácil de mantener. Disponible en celeste o gris. Perfecta para uniformes empresariales o uso diario.",OXFORD 72%ALGODON 28%POLIESTER
L-WW-CAM-DR3,Camisa Drill Hombre Celeste 44,PRODUCTO WORKWEAR,CAMISA,ECOMMERCE,8,"$48,990.00","$41,641.50","$40,487.60","$16,330.00",camisa-drill-hombre/camisa-drill-hombre-celeste-1,camisa-drill-hombre.jpg,superiores.jpg,"Camisa de trabajo para hombre con corte sport clásico, ideal para un look profesional y cómodo. Diseñada con canesú en la espalda que mejora el calce y la movilidad. Posee manga larga y cuello con botones bicapa blancos. Confeccionada en tela Oxford de alta calidad, resistente y fácil de mantener. Disponible en celeste o gris. Perfecta para uniformes empresariales o uso diario.",OXFORD 72%ALGODON 28%POLIESTER
L-WW-CAM-DR4,Camisa Drill Hombre Celeste 46,PRODUCTO WORKWEAR,CAMISA,ECOMMERCE,9,"$48,990.00","$41,641.50","$40,487.60","$16,330.00",camisa-drill-hombre/camisa-drill-hombre-celeste-1,camisa-drill-hombre.jpg,superiores.jpg,"Camisa de trabajo para hombre con corte sport clásico, ideal para un look profesional y cómodo. Diseñada con canesú en la espalda que mejora el calce y la movilidad. Posee manga larga y cuello con botones bicapa blancos. Confeccionada en tela Oxford de alta calidad, resistente y fácil de mantener. Disponible en celeste o gris. Perfecta para uniformes empresariales o uso diario.",OXFORD 72%ALGODON 28%POLIESTER
L-WW-CAM-DR5,Camisa Drill Hombre Celeste 48,PRODUCTO WORKWEAR,CAMISA,ECOMMERCE,5,"$48,990.00","$41,641.50","$40,487.60","$16,330.00",camisa-drill-hombre/camisa-drill-hombre-celeste-1,camisa-drill-hombre.jpg,superiores.jpg,"Camisa de trabajo para hombre con corte sport clásico, ideal para un look profesional y cómodo. Diseñada con canesú en la espalda que mejora el calce y la movilidad. Posee manga larga y cuello con botones bicapa blancos. Confeccionada en tela Oxford de alta calidad, resistente y fácil de mantener. Disponible en celeste o gris. Perfecta para uniformes empresariales o uso diario.",OXFORD 72%ALGODON 28%POLIESTER
L-WW-CAM-DR6,Camisa Drill Hombre Celeste 50,PRODUCTO WORKWEAR,CAMISA,ECOMMERCE,3,"$48,990.00","$41,641.50","$40,487.60","$16,330.00",camisa-drill-hombre/camisa-drill-hombre-celeste-1,camisa-drill-hombre.jpg,superiores.jpg,"Camisa de trabajo para hombre con corte sport clásico, ideal para un look profesional y cómodo. Diseñada con canesú en la espalda que mejora el calce y la movilidad. Posee manga larga y cuello con botones bicapa blancos. Confeccionada en tela Oxford de alta calidad, resistente y fácil de mantener. Disponible en celeste o gris. Perfecta para uniformes empresariales o uso diario.",OXFORD 72%ALGODON 28%POLIESTER
L-WW-CAM-DR7,Camisa Drill Hombre Celeste 52,PRODUCTO WORKWEAR,CAMISA,ECOMMERCE,3,"$48,990.00","$41,641.50","$40,487.60","$16,330.00",camisa-drill-hombre/camisa-drill-hombre-celeste-1,camisa-drill-hombre.jpg,superiores.jpg,"Camisa de trabajo para hombre con corte sport clásico, ideal para un look profesional y cómodo. Diseñada con canesú en la espalda que mejora el calce y la movilidad. Posee manga larga y cuello con botones bicapa blancos. Confeccionada en tela Oxford de alta calidad, resistente y fácil de mantener. Disponible en celeste o gris. Perfecta para uniformes empresariales o uso diario.",OXFORD 72%ALGODON 28%POLIESTER
L-WW-CAM-DR38,Camisa Drill Hombre Gris 38,PRODUCTO WORKWEAR,CAMISA,ECOMMERCE,1,"$48,990.00","$41,641.50","$40,487.60","$16,330.00",camisa-drill-hombre/camisa-drill-hombre-gris-1,camisa-drill-hombre.jpg,superiores.jpg,"Camisa de trabajo para hombre con corte sport clásico, ideal para un look profesional y cómodo. Diseñada con canesú en la espalda que mejora el calce y la movilidad. Posee manga larga y cuello con botones bicapa blancos. Confeccionada en tela Oxford de alta calidad, resistente y fácil de mantener. Disponible en celeste o gris. Perfecta para uniformes empresariales o uso diario.",OXFORD 72%ALGODON 28%POLIESTER
L-WW-CAM-DR10,Camisa Drill Hombre Gris 40,PRODUCTO WORKWEAR,CAMISA,ECOMMERCE,2,"$48,990.00","$41,641.50","$40,487.60","$16,330.00",camisa-drill-hombre/camisa-drill-hombre-gris-1,camisa-drill-hombre.jpg,superiores.jpg,"Camisa de trabajo para hombre con corte sport clásico, ideal para un look profesional y cómodo. Diseñada con canesú en la espalda que mejora el calce y la movilidad. Posee manga larga y cuello con botones bicapa blancos. Confeccionada en tela Oxford de alta calidad, resistente y fácil de mantener. Disponible en celeste o gris. Perfecta para uniformes empresariales o uso diario.",OXFORD 72%ALGODON 28%POLIESTER
L-WW-CAM-DR11,Camisa Drill Hombre Gris 42,PRODUCTO WORKWEAR,CAMISA,ECOMMERCE,1,"$48,990.00","$41,641.50","$40,487.60","$16,330.00",camisa-drill-hombre/camisa-drill-hombre-gris-1,camisa-drill-hombre.jpg,superiores.jpg,"Camisa de trabajo para hombre con corte sport clásico, ideal para un look profesional y cómodo. Diseñada con canesú en la espalda que mejora el calce y la movilidad. Posee manga larga y cuello con botones bicapa blancos. Confeccionada en tela Oxford de alta calidad, resistente y fácil de mantener. Disponible en celeste o gris. Perfecta para uniformes empresariales o uso diario.",OXFORD 72%ALGODON 28%POLIESTER
L-WW-CAM-DR12,Camisa Drill Hombre Gris 44,PRODUCTO WORKWEAR,CAMISA,ECOMMERCE,1,"$48,990.00","$41,641.50","$40,487.60","$16,330.00",camisa-drill-hombre/camisa-drill-hombre-gris-1,camisa-drill-hombre.jpg,superiores.jpg,"Camisa de trabajo para hombre con corte sport clásico, ideal para un look profesional y cómodo. Diseñada con canesú en la espalda que mejora el calce y la movilidad. Posee manga larga y cuello con botones bicapa blancos. Confeccionada en tela Oxford de alta calidad, resistente y fácil de mantener. Disponible en celeste o gris. Perfecta para uniformes empresariales o uso diario.",OXFORD 72%ALGODON 28%POLIESTER
L-WW-CAM-DR13,Camisa Drill Hombre Gris 46,PRODUCTO WORKWEAR,CAMISA,ECOMMERCE,3,"$48,990.00","$41,641.50","$40,487.60","$16,330.00",camisa-drill-hombre/camisa-drill-hombre-gris-1,camisa-drill-hombre.jpg,superiores.jpg,"Camisa de trabajo para hombre con corte sport clásico, ideal para un look profesional y cómodo. Diseñada con canesú en la espalda que mejora el calce y la movilidad. Posee manga larga y cuello con botones bicapa blancos. Confeccionada en tela Oxford de alta calidad, resistente y fácil de mantener. Disponible en celeste o gris. Perfecta para uniformes empresariales o uso diario.",OXFORD 72%ALGODON 28%POLIESTER
L-WW-CAM-DR14,Camisa Drill Hombre Gris 48,PRODUCTO WORKWEAR,CAMISA,ECOMMERCE,1,"$48,990.00","$41,641.50","$40,487.60","$16,330.00",camisa-drill-hombre/camisa-drill-hombre-gris-1,camisa-drill-hombre.jpg,superiores.jpg,"Camisa de trabajo para hombre con corte sport clásico, ideal para un look profesional y cómodo. Diseñada con canesú en la espalda que mejora el calce y la movilidad. Posee manga larga y cuello con botones bicapa blancos. Confeccionada en tela Oxford de alta calidad, resistente y fácil de mantener. Disponible en celeste o gris. Perfecta para uniformes empresariales o uso diario.",OXFORD 72%ALGODON 28%POLIESTER
L-WW-CAM-DR15,Camisa Drill Hombre Gris 50,PRODUCTO WORKWEAR,CAMISA,ECOMMERCE,1,"$48,990.00","$41,641.50","$40,487.60","$16,330.00",camisa-drill-hombre/camisa-drill-hombre-gris-1,camisa-drill-hombre.jpg,superiores.jpg,"Camisa de trabajo para hombre con corte sport clásico, ideal para un look profesional y cómodo. Diseñada con canesú en la espalda que mejora el calce y la movilidad. Posee manga larga y cuello con botones bicapa blancos. Confeccionada en tela Oxford de alta calidad, resistente y fácil de mantener. Disponible en celeste o gris. Perfecta para uniformes empresariales o uso diario.",OXFORD 72%ALGODON 28%POLIESTER
L-WW-CAM-DR16,Camisa Drill Hombre Gris 52,PRODUCTO WORKWEAR,CAMISA,ECOMMERCE,1,"$48,990.00","$41,641.50","$40,487.60","$16,330.00",camisa-drill-hombre/camisa-drill-hombre-gris-1,camisa-drill-hombre.jpg,superiores.jpg,"Camisa de trabajo para hombre con corte sport clásico, ideal para un look profesional y cómodo. Diseñada con canesú en la espalda que mejora el calce y la movilidad. Posee manga larga y cuello con botones bicapa blancos. Confeccionada en tela Oxford de alta calidad, resistente y fácil de mantener. Disponible en celeste o gris. Perfecta para uniformes empresariales o uso diario.",OXFORD 72%ALGODON 28%POLIESTER
L-OF-CAM-EXE44,Camisa Executive Dama BLANCO 36,PRODUCTO OFFICE,CAMISA,ECOMMERCE,18,"$65,990.00","$56,091.50","$54,537.19","$21,996.67",camisa-executive-dama/camisa-executive-dama-blanco-1,camisa-executive-dama.jpg,superiores.jpg,"Camisa de dama manga larga, con corte entallado y diseño elegante, ideal para uniformes o uso profesional. Cuenta con botones bicapa a tono, recorte de canesú y costura cañonera en los laterales que aportan estructura y durabilidad. Posee pinzas de busto que realzan la silueta y aseguran un calce femenino y cómodo. Confeccionada en poplin con spandex, que ofrece elasticidad, suavidad y confort durante toda la jornada. Una prenda sofisticada, funcional y con estilo profesional.",POPLIN C/SPANDEX - 97% ALGODÓN 3% SPANDEX
L-OF-CAM-EXE45,Camisa Executive Dama BLANCO 38,PRODUCTO OFFICE,CAMISA,ECOMMERCE,50,"$65,990.00","$56,091.50","$54,537.19","$21,996.67",camisa-executive-dama/camisa-executive-dama-blanco-1,camisa-executive-dama.jpg,superiores.jpg,"Camisa de dama manga larga, con corte entallado y diseño elegante, ideal para uniformes o uso profesional. Cuenta con botones bicapa a tono, recorte de canesú y costura cañonera en los laterales que aportan estructura y durabilidad. Posee pinzas de busto que realzan la silueta y aseguran un calce femenino y cómodo. Confeccionada en poplin con spandex, que ofrece elasticidad, suavidad y confort durante toda la jornada. Una prenda sofisticada, funcional y con estilo profesional.",POPLIN C/SPANDEX - 97% ALGODÓN 3% SPANDEX
L-OF-CAM-EXE46,Camisa Executive Dama BLANCO 40,PRODUCTO OFFICE,CAMISA,ECOMMERCE,49,"$65,990.00","$56,091.50","$54,537.19","$21,996.67",camisa-executive-dama/camisa-executive-dama-blanco-1,camisa-executive-dama.jpg,superiores.jpg,"Camisa de dama manga larga, con corte entallado y diseño elegante, ideal para uniformes o uso profesional. Cuenta con botones bicapa a tono, recorte de canesú y costura cañonera en los laterales que aportan estructura y durabilidad. Posee pinzas de busto que realzan la silueta y aseguran un calce femenino y cómodo. Confeccionada en poplin con spandex, que ofrece elasticidad, suavidad y confort durante toda la jornada. Una prenda sofisticada, funcional y con estilo profesional.",POPLIN C/SPANDEX - 97% ALGODÓN 3% SPANDEX
L-OF-CAM-EXE47,Camisa Executive Dama BLANCO 42,PRODUCTO OFFICE,CAMISA,ECOMMERCE,49,"$65,990.00","$56,091.50","$54,537.19","$21,996.67",camisa-executive-dama/camisa-executive-dama-blanco-1,camisa-executive-dama.jpg,superiores.jpg,"Camisa de dama manga larga, con corte entallado y diseño elegante, ideal para uniformes o uso profesional. Cuenta con botones bicapa a tono, recorte de canesú y costura cañonera en los laterales que aportan estructura y durabilidad. Posee pinzas de busto que realzan la silueta y aseguran un calce femenino y cómodo. Confeccionada en poplin con spandex, que ofrece elasticidad, suavidad y confort durante toda la jornada. Una prenda sofisticada, funcional y con estilo profesional.",POPLIN C/SPANDEX - 97% ALGODÓN 3% SPANDEX
L-OF-CAM-EXE48,Camisa Executive Dama BLANCO 44,PRODUCTO OFFICE,CAMISA,ECOMMERCE,50,"$65,990.00","$56,091.50","$54,537.19","$21,996.67",camisa-executive-dama/camisa-executive-dama-blanco-1,camisa-executive-dama.jpg,superiores.jpg,"Camisa de dama manga larga, con corte entallado y diseño elegante, ideal para uniformes o uso profesional. Cuenta con botones bicapa a tono, recorte de canesú y costura cañonera en los laterales que aportan estructura y durabilidad. Posee pinzas de busto que realzan la silueta y aseguran un calce femenino y cómodo. Confeccionada en poplin con spandex, que ofrece elasticidad, suavidad y confort durante toda la jornada. Una prenda sofisticada, funcional y con estilo profesional.",POPLIN C/SPANDEX - 97% ALGODÓN 3% SPANDEX
L-OF-CAM-EXE49,Camisa Executive Dama BLANCO 46,PRODUCTO OFFICE,CAMISA,ECOMMERCE,28,"$65,990.00","$56,091.50","$54,537.19","$21,996.67",camisa-executive-dama/camisa-executive-dama-blanco-1,camisa-executive-dama.jpg,superiores.jpg,"Camisa de dama manga larga, con corte entallado y diseño elegante, ideal para uniformes o uso profesional. Cuenta con botones bicapa a tono, recorte de canesú y costura cañonera en los laterales que aportan estructura y durabilidad. Posee pinzas de busto que realzan la silueta y aseguran un calce femenino y cómodo. Confeccionada en poplin con spandex, que ofrece elasticidad, suavidad y confort durante toda la jornada. Una prenda sofisticada, funcional y con estilo profesional.",POPLIN C/SPANDEX - 97% ALGODÓN 3% SPANDEX
L-OF-CAM-EXE50,Camisa Executive Dama BLANCO 48,PRODUCTO OFFICE,CAMISA,ECOMMERCE,23,"$65,990.00","$56,091.50","$54,537.19","$21,996.67",camisa-executive-dama/camisa-executive-dama-blanco-1,camisa-executive-dama.jpg,superiores.jpg,"Camisa de dama manga larga, con corte entallado y diseño elegante, ideal para uniformes o uso profesional. Cuenta con botones bicapa a tono, recorte de canesú y costura cañonera en los laterales que aportan estructura y durabilidad. Posee pinzas de busto que realzan la silueta y aseguran un calce femenino y cómodo. Confeccionada en poplin con spandex, que ofrece elasticidad, suavidad y confort durante toda la jornada. Una prenda sofisticada, funcional y con estilo profesional.",POPLIN C/SPANDEX - 97% ALGODÓN 3% SPANDEX
L-OF-CAM-EXE51,Camisa Executive Dama BLANCO 50,PRODUCTO OFFICE,CAMISA,ECOMMERCE,28,"$65,990.00","$56,091.50","$54,537.19","$21,996.67",camisa-executive-dama/camisa-executive-dama-blanco-1,camisa-executive-dama.jpg,superiores.jpg,"Camisa de dama manga larga, con corte entallado y diseño elegante, ideal para uniformes o uso profesional. Cuenta con botones bicapa a tono, recorte de canesú y costura cañonera en los laterales que aportan estructura y durabilidad. Posee pinzas de busto que realzan la silueta y aseguran un calce femenino y cómodo. Confeccionada en poplin con spandex, que ofrece elasticidad, suavidad y confort durante toda la jornada. Una prenda sofisticada, funcional y con estilo profesional.",POPLIN C/SPANDEX - 97% ALGODÓN 3% SPANDEX
L-OF-CAM-EXE30,Camisa Executive Dama CELESTE 36,PRODUCTO OFFICE,CAMISA,ECOMMERCE,9,"$65,990.00","$56,091.50","$54,537.19","$21,996.67",camisa-executive-dama/camisa-executive-dama-celeste-1,camisa-executive-dama.jpg,superiores.jpg,"Camisa de dama manga larga, con corte entallado y diseño elegante, ideal para uniformes o uso profesional. Cuenta con botones bicapa a tono, recorte de canesú y costura cañonera en los laterales que aportan estructura y durabilidad. Posee pinzas de busto que realzan la silueta y aseguran un calce femenino y cómodo. Confeccionada en poplin con spandex, que ofrece elasticidad, suavidad y confort durante toda la jornada. Una prenda sofisticada, funcional y con estilo profesional.",POPLIN C/SPANDEX - 97% ALGODÓN 3% SPANDEX
L-OF-CAM-EXE31,Camisa Executive Dama CELESTE 38,PRODUCTO OFFICE,CAMISA,ECOMMERCE,16,"$65,990.00","$56,091.50","$54,537.19","$21,996.67",camisa-executive-dama/camisa-executive-dama-celeste-1,camisa-executive-dama.jpg,superiores.jpg,"Camisa de dama manga larga, con corte entallado y diseño elegante, ideal para uniformes o uso profesional. Cuenta con botones bicapa a tono, recorte de canesú y costura cañonera en los laterales que aportan estructura y durabilidad. Posee pinzas de busto que realzan la silueta y aseguran un calce femenino y cómodo. Confeccionada en poplin con spandex, que ofrece elasticidad, suavidad y confort durante toda la jornada. Una prenda sofisticada, funcional y con estilo profesional.",POPLIN C/SPANDEX - 97% ALGODÓN 3% SPANDEX
L-OF-CAM-EXE32,Camisa Executive Dama CELESTE 40,PRODUCTO OFFICE,CAMISA,ECOMMERCE,20,"$65,990.00","$56,091.50","$54,537.19","$21,996.67",camisa-executive-dama/camisa-executive-dama-celeste-1,camisa-executive-dama.jpg,superiores.jpg,"Camisa de dama manga larga, con corte entallado y diseño elegante, ideal para uniformes o uso profesional. Cuenta con botones bicapa a tono, recorte de canesú y costura cañonera en los laterales que aportan estructura y durabilidad. Posee pinzas de busto que realzan la silueta y aseguran un calce femenino y cómodo. Confeccionada en poplin con spandex, que ofrece elasticidad, suavidad y confort durante toda la jornada. Una prenda sofisticada, funcional y con estilo profesional.",POPLIN C/SPANDEX - 97% ALGODÓN 3% SPANDEX
L-OF-CAM-EXE33,Camisa Executive Dama CELESTE 42,PRODUCTO OFFICE,CAMISA,ECOMMERCE,21,"$65,990.00","$56,091.50","$54,537.19","$21,996.67",camisa-executive-dama/camisa-executive-dama-celeste-1,camisa-executive-dama.jpg,superiores.jpg,"Camisa de dama manga larga, con corte entallado y diseño elegante, ideal para uniformes o uso profesional. Cuenta con botones bicapa a tono, recorte de canesú y costura cañonera en los laterales que aportan estructura y durabilidad. Posee pinzas de busto que realzan la silueta y aseguran un calce femenino y cómodo. Confeccionada en poplin con spandex, que ofrece elasticidad, suavidad y confort durante toda la jornada. Una prenda sofisticada, funcional y con estilo profesional.",POPLIN C/SPANDEX - 97% ALGODÓN 3% SPANDEX
L-OF-CAM-EXE34,Camisa Executive Dama CELESTE 44,PRODUCTO OFFICE,CAMISA,ECOMMERCE,19,"$65,990.00","$56,091.50","$54,537.19","$21,996.67",camisa-executive-dama/camisa-executive-dama-celeste-1,camisa-executive-dama.jpg,superiores.jpg,"Camisa de dama manga larga, con corte entallado y diseño elegante, ideal para uniformes o uso profesional. Cuenta con botones bicapa a tono, recorte de canesú y costura cañonera en los laterales que aportan estructura y durabilidad. Posee pinzas de busto que realzan la silueta y aseguran un calce femenino y cómodo. Confeccionada en poplin con spandex, que ofrece elasticidad, suavidad y confort durante toda la jornada. Una prenda sofisticada, funcional y con estilo profesional.",POPLIN C/SPANDEX - 97% ALGODÓN 3% SPANDEX
L-OF-CAM-EXE35,Camisa Executive Dama CELESTE 46,PRODUCTO OFFICE,CAMISA,ECOMMERCE,11,"$65,990.00","$56,091.50","$54,537.19","$21,996.67",camisa-executive-dama/camisa-executive-dama-celeste-1,camisa-executive-dama.jpg,superiores.jpg,"Camisa de dama manga larga, con corte entallado y diseño elegante, ideal para uniformes o uso profesional. Cuenta con botones bicapa a tono, recorte de canesú y costura cañonera en los laterales que aportan estructura y durabilidad. Posee pinzas de busto que realzan la silueta y aseguran un calce femenino y cómodo. Confeccionada en poplin con spandex, que ofrece elasticidad, suavidad y confort durante toda la jornada. Una prenda sofisticada, funcional y con estilo profesional.",POPLIN C/SPANDEX - 97% ALGODÓN 3% SPANDEX
L-OF-CAM-EXE36,Camisa Executive Dama CELESTE 48,PRODUCTO OFFICE,CAMISA,ECOMMERCE,9,"$65,990.00","$56,091.50","$54,537.19","$21,996.67",camisa-executive-dama/camisa-executive-dama-celeste-1,camisa-executive-dama.jpg,superiores.jpg,"Camisa de dama manga larga, con corte entallado y diseño elegante, ideal para uniformes o uso profesional. Cuenta con botones bicapa a tono, recorte de canesú y costura cañonera en los laterales que aportan estructura y durabilidad. Posee pinzas de busto que realzan la silueta y aseguran un calce femenino y cómodo. Confeccionada en poplin con spandex, que ofrece elasticidad, suavidad y confort durante toda la jornada. Una prenda sofisticada, funcional y con estilo profesional.",POPLIN C/SPANDEX - 97% ALGODÓN 3% SPANDEX
L-OF-CAM-EXE37,Camisa Executive Dama CELESTE 50,PRODUCTO OFFICE,CAMISA,ECOMMERCE,9,"$65,990.00","$56,091.50","$54,537.19","$21,996.67",camisa-executive-dama/camisa-executive-dama-celeste-1,camisa-executive-dama.jpg,superiores.jpg,"Camisa de dama manga larga, con corte entallado y diseño elegante, ideal para uniformes o uso profesional. Cuenta con botones bicapa a tono, recorte de canesú y costura cañonera en los laterales que aportan estructura y durabilidad. Posee pinzas de busto que realzan la silueta y aseguran un calce femenino y cómodo. Confeccionada en poplin con spandex, que ofrece elasticidad, suavidad y confort durante toda la jornada. Una prenda sofisticada, funcional y con estilo profesional.",POPLIN C/SPANDEX - 97% ALGODÓN 3% SPANDEX
L-OF-TEJ-CAR-CHA18,Cardigan Charm D AZUL MAR 2XL,PRODUCTO OFFICE,TEJIDO,ECOMMERCE,8,"$74,900.00","$63,665.00","$61,900.83","$24,966.67",cardigan-charm-dama/cardigan-charm-dama-azulmarino-1,cardigan-charm.jpg,superiores.jpg,"Sweater de dama estilo cardigan con escote en V y botones a tono, ideal para un look profesional y elegante. Confeccionado en algodón con lycra, que ofrece suavidad, elasticidad y confort durante todo el día. Una prenda versátil, cómoda y resistente, perfecta para uniformes empresariales o uso diario.",ALGODÓN C/LYCRA
L-OF-TEJ-CAR-CHA13,Cardigan Charm D AZUL MAR 3XL,PRODUCTO OFFICE,TEJIDO,ECOMMERCE,3,"$74,900.00","$63,665.00","$61,900.83","$24,966.67",cardigan-charm-dama/cardigan-charm-dama-azulmarino-1,cardigan-charm.jpg,superiores.jpg,"Sweater de dama estilo cardigan con escote en V y botones a tono, ideal para un look profesional y elegante. Confeccionado en algodón con lycra, que ofrece suavidad, elasticidad y confort durante todo el día. Una prenda versátil, cómoda y resistente, perfecta para uniformes empresariales o uso diario.",ALGODÓN C/LYCRA
L-OF-TEJ-CAR-CHA16,Cardigan Charm D AZUL MAR L,PRODUCTO OFFICE,TEJIDO,ECOMMERCE,10,"$74,900.00","$63,665.00","$61,900.83","$24,966.67",cardigan-charm-dama/cardigan-charm-dama-azulmarino-1,cardigan-charm.jpg,superiores.jpg,"Sweater de dama estilo cardigan con escote en V y botones a tono, ideal para un look profesional y elegante. Confeccionado en algodón con lycra, que ofrece suavidad, elasticidad y confort durante todo el día. Una prenda versátil, cómoda y resistente, perfecta para uniformes empresariales o uso diario.",ALGODÓN C/LYCRA
L-OF-TEJ-CAR-CHA15,Cardigan Charm D AZUL MAR M,PRODUCTO OFFICE,TEJIDO,ECOMMERCE,13,"$74,900.00","$63,665.00","$61,900.83","$24,966.67",cardigan-charm-dama/cardigan-charm-dama-azulmarino-1,cardigan-charm.jpg,superiores.jpg,"Sweater de dama estilo cardigan con escote en V y botones a tono, ideal para un look profesional y elegante. Confeccionado en algodón con lycra, que ofrece suavidad, elasticidad y confort durante todo el día. Una prenda versátil, cómoda y resistente, perfecta para uniformes empresariales o uso diario.",ALGODÓN C/LYCRA
L-OF-TEJ-CAR-CHA14,Cardigan Charm D AZUL MAR S,PRODUCTO OFFICE,TEJIDO,ECOMMERCE,5,"$74,900.00","$63,665.00","$61,900.83","$24,966.67",cardigan-charm-dama/cardigan-charm-dama-azulmarino-1,cardigan-charm.jpg,superiores.jpg,"Sweater de dama estilo cardigan con escote en V y botones a tono, ideal para un look profesional y elegante. Confeccionado en algodón con lycra, que ofrece suavidad, elasticidad y confort durante todo el día. Una prenda versátil, cómoda y resistente, perfecta para uniformes empresariales o uso diario.",ALGODÓN C/LYCRA
L-OF-TEJ-CAR-CHA17,Cardigan Charm D AZUL MAR XL,PRODUCTO OFFICE,TEJIDO,ECOMMERCE,10,"$74,900.00","$63,665.00","$61,900.83","$24,966.67",cardigan-charm-dama/cardigan-charm-dama-azulmarino-1,cardigan-charm.jpg,superiores.jpg,"Sweater de dama estilo cardigan con escote en V y botones a tono, ideal para un look profesional y elegante. Confeccionado en algodón con lycra, que ofrece suavidad, elasticidad y confort durante todo el día. Una prenda versátil, cómoda y resistente, perfecta para uniformes empresariales o uso diario.",ALGODÓN C/LYCRA
L-OF-TEJ-CAR-CHA12,Cardigan Charm D GRIS MEL CL 2XL,PRODUCTO OFFICE,TEJIDO,ECOMMERCE,19,"$74,900.00","$63,665.00","$61,900.83","$24,966.67",cardigan-charm-dama/cardigan-charm-dama-grismelange-1,cardigan-charm.jpg,superiores.jpg,"Sweater de dama estilo cardigan con escote en V y botones a tono, ideal para un look profesional y elegante. Confeccionado en algodón con lycra, que ofrece suavidad, elasticidad y confort durante todo el día. Una prenda versátil, cómoda y resistente, perfecta para uniformes empresariales o uso diario.",ALGODÓN C/LYCRA
L-OF-TEJ-CAR-CHA7,Cardigan Charm D GRIS MEL CL 3XL,PRODUCTO OFFICE,TEJIDO,ECOMMERCE,10,"$74,900.00","$63,665.00","$61,900.83","$24,966.67",cardigan-charm-dama/cardigan-charm-dama-grismelange-1,cardigan-charm.jpg,superiores.jpg,"Sweater de dama estilo cardigan con escote en V y botones a tono, ideal para un look profesional y elegante. Confeccionado en algodón con lycra, que ofrece suavidad, elasticidad y confort durante todo el día. Una prenda versátil, cómoda y resistente, perfecta para uniformes empresariales o uso diario.",ALGODÓN C/LYCRA
L-OF-TEJ-CAR-CHA10,Cardigan Charm D GRIS MEL CL L,PRODUCTO OFFICE,TEJIDO,ECOMMERCE,20,"$74,900.00","$63,665.00","$61,900.83","$24,966.67",cardigan-charm-dama/cardigan-charm-dama-grismelange-1,cardigan-charm.jpg,superiores.jpg,"Sweater de dama estilo cardigan con escote en V y botones a tono, ideal para un look profesional y elegante. Confeccionado en algodón con lycra, que ofrece suavidad, elasticidad y confort durante todo el día. Una prenda versátil, cómoda y resistente, perfecta para uniformes empresariales o uso diario.",ALGODÓN C/LYCRA
L-OF-TEJ-CAR-CHA9,Cardigan Charm D GRIS MEL CL M,PRODUCTO OFFICE,TEJIDO,ECOMMERCE,20,"$74,900.00","$63,665.00","$61,900.83","$24,966.67",cardigan-charm-dama/cardigan-charm-dama-grismelange-1,cardigan-charm.jpg,superiores.jpg,"Sweater de dama estilo cardigan con escote en V y botones a tono, ideal para un look profesional y elegante. Confeccionado en algodón con lycra, que ofrece suavidad, elasticidad y confort durante todo el día. Una prenda versátil, cómoda y resistente, perfecta para uniformes empresariales o uso diario.",ALGODÓN C/LYCRA
L-OF-TEJ-CAR-CHA8,Cardigan Charm D GRIS MEL CL S,PRODUCTO OFFICE,TEJIDO,ECOMMERCE,10,"$74,900.00","$63,665.00","$61,900.83","$24,966.67",cardigan-charm-dama/cardigan-charm-dama-grismelange-1,cardigan-charm.jpg,superiores.jpg,"Sweater de dama estilo cardigan con escote en V y botones a tono, ideal para un look profesional y elegante. Confeccionado en algodón con lycra, que ofrece suavidad, elasticidad y confort durante todo el día. Una prenda versátil, cómoda y resistente, perfecta para uniformes empresariales o uso diario.",ALGODÓN C/LYCRA
L-OF-TEJ-CAR-CHA11,Cardigan Charm D GRIS MEL CL XL,PRODUCTO OFFICE,TEJIDO,ECOMMERCE,19,"$74,900.00","$63,665.00","$61,900.83","$24,966.67",cardigan-charm-dama/cardigan-charm-dama-grismelange-1,cardigan-charm.jpg,superiores.jpg,"Sweater de dama estilo cardigan con escote en V y botones a tono, ideal para un look profesional y elegante. Confeccionado en algodón con lycra, que ofrece suavidad, elasticidad y confort durante todo el día. Una prenda versátil, cómoda y resistente, perfecta para uniformes empresariales o uso diario.",ALGODÓN C/LYCRA
L-OF-TEJ-CAR-CHA6,Cardigan Charm Dama NEGRO 2XL,PRODUCTO OFFICE,TEJIDO,ECOMMERCE,20,"$74,900.00","$63,665.00","$61,900.83","$24,966.67",cardigan-charm-dama/cardigan-charm-dama-negro-1,cardigan-charm.jpg,superiores.jpg,"Sweater de dama estilo cardigan con escote en V y botones a tono, ideal para un look profesional y elegante. Confeccionado en algodón con lycra, que ofrece suavidad, elasticidad y confort durante todo el día. Una prenda versátil, cómoda y resistente, perfecta para uniformes empresariales o uso diario.",ALGODÓN C/LYCRA
L-OF-TEJ-CAR-CHA1,Cardigan Charm Dama NEGRO 3XL,PRODUCTO OFFICE,TEJIDO,ECOMMERCE,10,"$74,900.00","$63,665.00","$61,900.83","$24,966.67",cardigan-charm-dama/cardigan-charm-dama-negro-1,cardigan-charm.jpg,superiores.jpg,"Sweater de dama estilo cardigan con escote en V y botones a tono, ideal para un look profesional y elegante. Confeccionado en algodón con lycra, que ofrece suavidad, elasticidad y confort durante todo el día. Una prenda versátil, cómoda y resistente, perfecta para uniformes empresariales o uso diario.",ALGODÓN C/LYCRA
L-OF-TEJ-CAR-CHA4,Cardigan Charm Dama NEGRO L,PRODUCTO OFFICE,TEJIDO,ECOMMERCE,19,"$74,900.00","$63,665.00","$61,900.83","$24,966.67",cardigan-charm-dama/cardigan-charm-dama-negro-1,cardigan-charm.jpg,superiores.jpg,"Sweater de dama estilo cardigan con escote en V y botones a tono, ideal para un look profesional y elegante. Confeccionado en algodón con lycra, que ofrece suavidad, elasticidad y confort durante todo el día. Una prenda versátil, cómoda y resistente, perfecta para uniformes empresariales o uso diario.",ALGODÓN C/LYCRA
L-OF-TEJ-CAR-CHA3,Cardigan Charm Dama NEGRO M,PRODUCTO OFFICE,TEJIDO,ECOMMERCE,13,"$74,900.00","$63,665.00","$61,900.83","$24,966.67",cardigan-charm-dama/cardigan-charm-dama-negro-1,cardigan-charm.jpg,superiores.jpg,"Sweater de dama estilo cardigan con escote en V y botones a tono, ideal para un look profesional y elegante. Confeccionado en algodón con lycra, que ofrece suavidad, elasticidad y confort durante todo el día. Una prenda versátil, cómoda y resistente, perfecta para uniformes empresariales o uso diario.",ALGODÓN C/LYCRA
L-OF-TEJ-CAR-CHA2,Cardigan Charm Dama NEGRO S,PRODUCTO OFFICE,TEJIDO,ECOMMERCE,11,"$74,900.00","$63,665.00","$61,900.83","$24,966.67",cardigan-charm-dama/cardigan-charm-dama-negro-1,cardigan-charm.jpg,superiores.jpg,"Sweater de dama estilo cardigan con escote en V y botones a tono, ideal para un look profesional y elegante. Confeccionado en algodón con lycra, que ofrece suavidad, elasticidad y confort durante todo el día. Una prenda versátil, cómoda y resistente, perfecta para uniformes empresariales o uso diario.",ALGODÓN C/LYCRA
L-OF-TEJ-CAR-CHA5,Cardigan Charm Dama NEGRO XL,PRODUCTO OFFICE,TEJIDO,ECOMMERCE,19,"$74,900.00","$63,665.00","$61,900.83","$24,966.67",cardigan-charm-dama/cardigan-charm-dama-negro-1,cardigan-charm.jpg,superiores.jpg,"Sweater de dama estilo cardigan con escote en V y botones a tono, ideal para un look profesional y elegante. Confeccionado en algodón con lycra, que ofrece suavidad, elasticidad y confort durante todo el día. Una prenda versátil, cómoda y resistente, perfecta para uniformes empresariales o uso diario.",ALGODÓN C/LYCRA
L-OF-PAN-CBAL56,Cargo Balance D ARENA 36,PRODUCTO OFFICE,PANTALON,ECOMMERCE,2,"$64,990.00","$55,241.50","$53,710.74","$21,663.33",pantalon-cargo-balance-dama/pantalon-cargo-balance-dama-arena-1,pantalon-cargo-balance-hombre.jpg,pantalon-cargo.jpg,"Pantalón cargo femenino con corte moderno y funcional, diseñado para brindar comodidad, resistencia y libertad de movimiento. Posee bolsillos laterales con tabla y cierre con velcro, pinza trasera y costura cañón que estilizan la silueta. Incluye bolsillo trasero con tapa y bolsillos aplicados en el delantero, ofreciendo gran capacidad de guardado. La cintura con pasacintos permite un ajuste personalizado. Confeccionado en gabardina con spandex, que combina elasticidad y durabilidad para un calce cómodo y resistente. Ideal para uniformes o uso urbano con estilo profesional.","GABARDINA C/SPANDEX 8,2 OZ - 98%ALGODÓN 2%ELASTANO"
L-OF-PAN-CBAL57,Cargo Balance D ARENA 38,PRODUCTO OFFICE,PANTALON,ECOMMERCE,4,"$64,990.00","$55,241.50","$53,710.74","$21,663.33",pantalon-cargo-balance-dama/pantalon-cargo-balance-dama-arena-1,pantalon-cargo-balance-hombre.jpg,pantalon-cargo.jpg,"Pantalón cargo femenino con corte moderno y funcional, diseñado para brindar comodidad, resistencia y libertad de movimiento. Posee bolsillos laterales con tabla y cierre con velcro, pinza trasera y costura cañón que estilizan la silueta. Incluye bolsillo trasero con tapa y bolsillos aplicados en el delantero, ofreciendo gran capacidad de guardado. La cintura con pasacintos permite un ajuste personalizado. Confeccionado en gabardina con spandex, que combina elasticidad y durabilidad para un calce cómodo y resistente. Ideal para uniformes o uso urbano con estilo profesional.","GABARDINA C/SPANDEX 8,2 OZ - 98%ALGODÓN 2%ELASTANO"
L-OF-PAN-CBAL58,Cargo Balance D ARENA 40,PRODUCTO OFFICE,PANTALON,ECOMMERCE,4,"$64,990.00","$55,241.50","$53,710.74","$21,663.33",pantalon-cargo-balance-dama/pantalon-cargo-balance-dama-arena-1,pantalon-cargo-balance-hombre.jpg,pantalon-cargo.jpg,"Pantalón cargo femenino con corte moderno y funcional, diseñado para brindar comodidad, resistencia y libertad de movimiento. Posee bolsillos laterales con tabla y cierre con velcro, pinza trasera y costura cañón que estilizan la silueta. Incluye bolsillo trasero con tapa y bolsillos aplicados en el delantero, ofreciendo gran capacidad de guardado. La cintura con pasacintos permite un ajuste personalizado. Confeccionado en gabardina con spandex, que combina elasticidad y durabilidad para un calce cómodo y resistente. Ideal para uniformes o uso urbano con estilo profesional.","GABARDINA C/SPANDEX 8,2 OZ - 98%ALGODÓN 2%ELASTANO"
L-OF-PAN-CBAL59,Cargo Balance D ARENA 42,PRODUCTO OFFICE,PANTALON,ECOMMERCE,4,"$64,990.00","$55,241.50","$53,710.74","$21,663.33",pantalon-cargo-balance-dama/pantalon-cargo-balance-dama-arena-1,pantalon-cargo-balance-hombre.jpg,pantalon-cargo.jpg,"Pantalón cargo femenino con corte moderno y funcional, diseñado para brindar comodidad, resistencia y libertad de movimiento. Posee bolsillos laterales con tabla y cierre con velcro, pinza trasera y costura cañón que estilizan la silueta. Incluye bolsillo trasero con tapa y bolsillos aplicados en el delantero, ofreciendo gran capacidad de guardado. La cintura con pasacintos permite un ajuste personalizado. Confeccionado en gabardina con spandex, que combina elasticidad y durabilidad para un calce cómodo y resistente. Ideal para uniformes o uso urbano con estilo profesional.","GABARDINA C/SPANDEX 8,2 OZ - 98%ALGODÓN 2%ELASTANO"
L-OF-PAN-CBAL60,Cargo Balance D ARENA 44,PRODUCTO OFFICE,PANTALON,ECOMMERCE,4,"$64,990.00","$55,241.50","$53,710.74","$21,663.33",pantalon-cargo-balance-dama/pantalon-cargo-balance-dama-arena-1,pantalon-cargo-balance-hombre.jpg,pantalon-cargo.jpg,"Pantalón cargo femenino con corte moderno y funcional, diseñado para brindar comodidad, resistencia y libertad de movimiento. Posee bolsillos laterales con tabla y cierre con velcro, pinza trasera y costura cañón que estilizan la silueta. Incluye bolsillo trasero con tapa y bolsillos aplicados en el delantero, ofreciendo gran capacidad de guardado. La cintura con pasacintos permite un ajuste personalizado. Confeccionado en gabardina con spandex, que combina elasticidad y durabilidad para un calce cómodo y resistente. Ideal para uniformes o uso urbano con estilo profesional.","GABARDINA C/SPANDEX 8,2 OZ - 98%ALGODÓN 2%ELASTANO"
L-OF-PAN-CBAL61,Cargo Balance D ARENA 46,PRODUCTO OFFICE,PANTALON,ECOMMERCE,4,"$64,990.00","$55,241.50","$53,710.74","$21,663.33",pantalon-cargo-balance-dama/pantalon-cargo-balance-dama-arena-1,pantalon-cargo-balance-hombre.jpg,pantalon-cargo.jpg,"Pantalón cargo femenino con corte moderno y funcional, diseñado para brindar comodidad, resistencia y libertad de movimiento. Posee bolsillos laterales con tabla y cierre con velcro, pinza trasera y costura cañón que estilizan la silueta. Incluye bolsillo trasero con tapa y bolsillos aplicados en el delantero, ofreciendo gran capacidad de guardado. La cintura con pasacintos permite un ajuste personalizado. Confeccionado en gabardina con spandex, que combina elasticidad y durabilidad para un calce cómodo y resistente. Ideal para uniformes o uso urbano con estilo profesional.","GABARDINA C/SPANDEX 8,2 OZ - 98%ALGODÓN 2%ELASTANO"
L-OF-PAN-CBAL62,Cargo Balance D ARENA 48,PRODUCTO OFFICE,PANTALON,ECOMMERCE,2,"$64,990.00","$55,241.50","$53,710.74","$21,663.33",pantalon-cargo-balance-dama/pantalon-cargo-balance-dama-arena-1,pantalon-cargo-balance-hombre.jpg,pantalon-cargo.jpg,"Pantalón cargo femenino con corte moderno y funcional, diseñado para brindar comodidad, resistencia y libertad de movimiento. Posee bolsillos laterales con tabla y cierre con velcro, pinza trasera y costura cañón que estilizan la silueta. Incluye bolsillo trasero con tapa y bolsillos aplicados en el delantero, ofreciendo gran capacidad de guardado. La cintura con pasacintos permite un ajuste personalizado. Confeccionado en gabardina con spandex, que combina elasticidad y durabilidad para un calce cómodo y resistente. Ideal para uniformes o uso urbano con estilo profesional.","GABARDINA C/SPANDEX 8,2 OZ - 98%ALGODÓN 2%ELASTANO"
L-OF-PAN-CBAL63,Cargo Balance D ARENA 50,PRODUCTO OFFICE,PANTALON,ECOMMERCE,2,"$64,990.00","$55,241.50","$53,710.74","$21,663.33",pantalon-cargo-balance-dama/pantalon-cargo-balance-dama-arena-1,pantalon-cargo-balance-hombre.jpg,pantalon-cargo.jpg,"Pantalón cargo femenino con corte moderno y funcional, diseñado para brindar comodidad, resistencia y libertad de movimiento. Posee bolsillos laterales con tabla y cierre con velcro, pinza trasera y costura cañón que estilizan la silueta. Incluye bolsillo trasero con tapa y bolsillos aplicados en el delantero, ofreciendo gran capacidad de guardado. La cintura con pasacintos permite un ajuste personalizado. Confeccionado en gabardina con spandex, que combina elasticidad y durabilidad para un calce cómodo y resistente. Ideal para uniformes o uso urbano con estilo profesional.","GABARDINA C/SPANDEX 8,2 OZ - 98%ALGODÓN 2%ELASTANO"
L-OF-PAN-CBAL75,Cargo Balance D GRIS TOPO 36,PRODUCTO OFFICE,PANTALON,ECOMMERCE,2,"$64,990.00","$55,241.50","$53,710.74","$21,663.33",pantalon-cargo-balance-dama/pantalon-cargo-balance-dama-gristopo-1,pantalon-cargo-balance-hombre.jpg,pantalon-cargo.jpg,"Pantalón cargo femenino con corte moderno y funcional, diseñado para brindar comodidad, resistencia y libertad de movimiento. Posee bolsillos laterales con tabla y cierre con velcro, pinza trasera y costura cañón que estilizan la silueta. Incluye bolsillo trasero con tapa y bolsillos aplicados en el delantero, ofreciendo gran capacidad de guardado. La cintura con pasacintos permite un ajuste personalizado. Confeccionado en gabardina con spandex, que combina elasticidad y durabilidad para un calce cómodo y resistente. Ideal para uniformes o uso urbano con estilo profesional.","GABARDINA C/SPANDEX 8,2 OZ - 98%ALGODÓN 2%ELASTANO"
L-OF-PAN-CBAL76,Cargo Balance D GRIS TOPO 38,PRODUCTO OFFICE,PANTALON,ECOMMERCE,8,"$64,990.00","$55,241.50","$53,710.74","$21,663.33",pantalon-cargo-balance-dama/pantalon-cargo-balance-dama-gristopo-1,pantalon-cargo-balance-hombre.jpg,pantalon-cargo.jpg,"Pantalón cargo femenino con corte moderno y funcional, diseñado para brindar comodidad, resistencia y libertad de movimiento. Posee bolsillos laterales con tabla y cierre con velcro, pinza trasera y costura cañón que estilizan la silueta. Incluye bolsillo trasero con tapa y bolsillos aplicados en el delantero, ofreciendo gran capacidad de guardado. La cintura con pasacintos permite un ajuste personalizado. Confeccionado en gabardina con spandex, que combina elasticidad y durabilidad para un calce cómodo y resistente. Ideal para uniformes o uso urbano con estilo profesional.","GABARDINA C/SPANDEX 8,2 OZ - 98%ALGODÓN 2%ELASTANO"
L-OF-PAN-CBAL77,Cargo Balance D GRIS TOPO 40,PRODUCTO OFFICE,PANTALON,ECOMMERCE,7,"$64,990.00","$55,241.50","$53,710.74","$21,663.33",pantalon-cargo-balance-dama/pantalon-cargo-balance-dama-gristopo-1,pantalon-cargo-balance-hombre.jpg,pantalon-cargo.jpg,"Pantalón cargo femenino con corte moderno y funcional, diseñado para brindar comodidad, resistencia y libertad de movimiento. Posee bolsillos laterales con tabla y cierre con velcro, pinza trasera y costura cañón que estilizan la silueta. Incluye bolsillo trasero con tapa y bolsillos aplicados en el delantero, ofreciendo gran capacidad de guardado. La cintura con pasacintos permite un ajuste personalizado. Confeccionado en gabardina con spandex, que combina elasticidad y durabilidad para un calce cómodo y resistente. Ideal para uniformes o uso urbano con estilo profesional.","GABARDINA C/SPANDEX 8,2 OZ - 98%ALGODÓN 2%ELASTANO"
L-OF-PAN-CBAL78,Cargo Balance D GRIS TOPO 42,PRODUCTO OFFICE,PANTALON,ECOMMERCE,7,"$64,990.00","$55,241.50","$53,710.74","$21,663.33",pantalon-cargo-balance-dama/pantalon-cargo-balance-dama-gristopo-1,pantalon-cargo-balance-hombre.jpg,pantalon-cargo.jpg,"Pantalón cargo femenino con corte moderno y funcional, diseñado para brindar comodidad, resistencia y libertad de movimiento. Posee bolsillos laterales con tabla y cierre con velcro, pinza trasera y costura cañón que estilizan la silueta. Incluye bolsillo trasero con tapa y bolsillos aplicados en el delantero, ofreciendo gran capacidad de guardado. La cintura con pasacintos permite un ajuste personalizado. Confeccionado en gabardina con spandex, que combina elasticidad y durabilidad para un calce cómodo y resistente. Ideal para uniformes o uso urbano con estilo profesional.","GABARDINA C/SPANDEX 8,2 OZ - 98%ALGODÓN 2%ELASTANO"
L-OF-PAN-CBAL79,Cargo Balance D GRIS TOPO 44,PRODUCTO OFFICE,PANTALON,ECOMMERCE,8,"$64,990.00","$55,241.50","$53,710.74","$21,663.33",pantalon-cargo-balance-dama/pantalon-cargo-balance-dama-gristopo-1,pantalon-cargo-balance-hombre.jpg,pantalon-cargo.jpg,"Pantalón cargo femenino con corte moderno y funcional, diseñado para brindar comodidad, resistencia y libertad de movimiento. Posee bolsillos laterales con tabla y cierre con velcro, pinza trasera y costura cañón que estilizan la silueta. Incluye bolsillo trasero con tapa y bolsillos aplicados en el delantero, ofreciendo gran capacidad de guardado. La cintura con pasacintos permite un ajuste personalizado. Confeccionado en gabardina con spandex, que combina elasticidad y durabilidad para un calce cómodo y resistente. Ideal para uniformes o uso urbano con estilo profesional.","GABARDINA C/SPANDEX 8,2 OZ - 98%ALGODÓN 2%ELASTANO"
L-OF-PAN-CBAL80,Cargo Balance D GRIS TOPO 46,PRODUCTO OFFICE,PANTALON,ECOMMERCE,4,"$64,990.00","$55,241.50","$53,710.74","$21,663.33",pantalon-cargo-balance-dama/pantalon-cargo-balance-dama-gristopo-1,pantalon-cargo-balance-hombre.jpg,pantalon-cargo.jpg,"Pantalón cargo femenino con corte moderno y funcional, diseñado para brindar comodidad, resistencia y libertad de movimiento. Posee bolsillos laterales con tabla y cierre con velcro, pinza trasera y costura cañón que estilizan la silueta. Incluye bolsillo trasero con tapa y bolsillos aplicados en el delantero, ofreciendo gran capacidad de guardado. La cintura con pasacintos permite un ajuste personalizado. Confeccionado en gabardina con spandex, que combina elasticidad y durabilidad para un calce cómodo y resistente. Ideal para uniformes o uso urbano con estilo profesional.","GABARDINA C/SPANDEX 8,2 OZ - 98%ALGODÓN 2%ELASTANO"
L-OF-PAN-CBAL81,Cargo Balance D GRIS TOPO 48,PRODUCTO OFFICE,PANTALON,ECOMMERCE,2,"$64,990.00","$55,241.50","$53,710.74","$21,663.33",pantalon-cargo-balance-dama/pantalon-cargo-balance-dama-gristopo-1,pantalon-cargo-balance-hombre.jpg,pantalon-cargo.jpg,"Pantalón cargo femenino con corte moderno y funcional, diseñado para brindar comodidad, resistencia y libertad de movimiento. Posee bolsillos laterales con tabla y cierre con velcro, pinza trasera y costura cañón que estilizan la silueta. Incluye bolsillo trasero con tapa y bolsillos aplicados en el delantero, ofreciendo gran capacidad de guardado. La cintura con pasacintos permite un ajuste personalizado. Confeccionado en gabardina con spandex, que combina elasticidad y durabilidad para un calce cómodo y resistente. Ideal para uniformes o uso urbano con estilo profesional.","GABARDINA C/SPANDEX 8,2 OZ - 98%ALGODÓN 2%ELASTANO"
L-OF-PAN-CBAL82,Cargo Balance D GRIS TOPO 50,PRODUCTO OFFICE,PANTALON,ECOMMERCE,2,"$64,990.00","$55,241.50","$53,710.74","$21,663.33",pantalon-cargo-balance-dama/pantalon-cargo-balance-dama-gristopo-1,pantalon-cargo-balance-hombre.jpg,pantalon-cargo.jpg,"Pantalón cargo femenino con corte moderno y funcional, diseñado para brindar comodidad, resistencia y libertad de movimiento. Posee bolsillos laterales con tabla y cierre con velcro, pinza trasera y costura cañón que estilizan la silueta. Incluye bolsillo trasero con tapa y bolsillos aplicados en el delantero, ofreciendo gran capacidad de guardado. La cintura con pasacintos permite un ajuste personalizado. Confeccionado en gabardina con spandex, que combina elasticidad y durabilidad para un calce cómodo y resistente. Ideal para uniformes o uso urbano con estilo profesional.","GABARDINA C/SPANDEX 8,2 OZ - 98%ALGODÓN 2%ELASTANO"
L-OF-PAN-CBAL45,Cargo Balance Dama AZUL MARINO 36,PRODUCTO OFFICE,PANTALON,ECOMMERCE,2,"$64,990.00","$55,241.50","$53,710.74","$21,663.33",pantalon-cargo-balance-dama/pantalon-cargo-balance-dama-azulmarino-1,pantalon-cargo-balance-hombre.jpg,pantalon-cargo.jpg,"Pantalón cargo femenino con corte moderno y funcional, diseñado para brindar comodidad, resistencia y libertad de movimiento. Posee bolsillos laterales con tabla y cierre con velcro, pinza trasera y costura cañón que estilizan la silueta. Incluye bolsillo trasero con tapa y bolsillos aplicados en el delantero, ofreciendo gran capacidad de guardado. La cintura con pasacintos permite un ajuste personalizado. Confeccionado en gabardina con spandex, que combina elasticidad y durabilidad para un calce cómodo y resistente. Ideal para uniformes o uso urbano con estilo profesional.","GABARDINA C/SPANDEX 8,2 OZ - 98%ALGODÓN 2%ELASTANO"
L-OF-PAN-CBAL46,Cargo Balance Dama AZUL MARINO 38,PRODUCTO OFFICE,PANTALON,ECOMMERCE,7,"$64,990.00","$55,241.50","$53,710.74","$21,663.33",pantalon-cargo-balance-dama/pantalon-cargo-balance-dama-azulmarino-1,pantalon-cargo-balance-hombre.jpg,pantalon-cargo.jpg,"Pantalón cargo femenino con corte moderno y funcional, diseñado para brindar comodidad, resistencia y libertad de movimiento. Posee bolsillos laterales con tabla y cierre con velcro, pinza trasera y costura cañón que estilizan la silueta. Incluye bolsillo trasero con tapa y bolsillos aplicados en el delantero, ofreciendo gran capacidad de guardado. La cintura con pasacintos permite un ajuste personalizado. Confeccionado en gabardina con spandex, que combina elasticidad y durabilidad para un calce cómodo y resistente. Ideal para uniformes o uso urbano con estilo profesional.","GABARDINA C/SPANDEX 8,2 OZ - 98%ALGODÓN 2%ELASTANO"
L-OF-PAN-CBAL47,Cargo Balance Dama AZUL MARINO 40,PRODUCTO OFFICE,PANTALON,ECOMMERCE,7,"$64,990.00","$55,241.50","$53,710.74","$21,663.33",pantalon-cargo-balance-dama/pantalon-cargo-balance-dama-azulmarino-1,pantalon-cargo-balance-hombre.jpg,pantalon-cargo.jpg,"Pantalón cargo femenino con corte moderno y funcional, diseñado para brindar comodidad, resistencia y libertad de movimiento. Posee bolsillos laterales con tabla y cierre con velcro, pinza trasera y costura cañón que estilizan la silueta. Incluye bolsillo trasero con tapa y bolsillos aplicados en el delantero, ofreciendo gran capacidad de guardado. La cintura con pasacintos permite un ajuste personalizado. Confeccionado en gabardina con spandex, que combina elasticidad y durabilidad para un calce cómodo y resistente. Ideal para uniformes o uso urbano con estilo profesional.","GABARDINA C/SPANDEX 8,2 OZ - 98%ALGODÓN 2%ELASTANO"
L-OF-PAN-CBAL48,Cargo Balance Dama AZUL MARINO 42,PRODUCTO OFFICE,PANTALON,ECOMMERCE,8,"$64,990.00","$55,241.50","$53,710.74","$21,663.33",pantalon-cargo-balance-dama/pantalon-cargo-balance-dama-azulmarino-1,pantalon-cargo-balance-hombre.jpg,pantalon-cargo.jpg,"Pantalón cargo femenino con corte moderno y funcional, diseñado para brindar comodidad, resistencia y libertad de movimiento. Posee bolsillos laterales con tabla y cierre con velcro, pinza trasera y costura cañón que estilizan la silueta. Incluye bolsillo trasero con tapa y bolsillos aplicados en el delantero, ofreciendo gran capacidad de guardado. La cintura con pasacintos permite un ajuste personalizado. Confeccionado en gabardina con spandex, que combina elasticidad y durabilidad para un calce cómodo y resistente. Ideal para uniformes o uso urbano con estilo profesional.","GABARDINA C/SPANDEX 8,2 OZ - 98%ALGODÓN 2%ELASTANO"
L-OF-PAN-CBAL49,Cargo Balance Dama AZUL MARINO 44,PRODUCTO OFFICE,PANTALON,ECOMMERCE,8,"$64,990.00","$55,241.50","$53,710.74","$21,663.33",pantalon-cargo-balance-dama/pantalon-cargo-balance-dama-azulmarino-1,pantalon-cargo-balance-hombre.jpg,pantalon-cargo.jpg,"Pantalón cargo femenino con corte moderno y funcional, diseñado para brindar comodidad, resistencia y libertad de movimiento. Posee bolsillos laterales con tabla y cierre con velcro, pinza trasera y costura cañón que estilizan la silueta. Incluye bolsillo trasero con tapa y bolsillos aplicados en el delantero, ofreciendo gran capacidad de guardado. La cintura con pasacintos permite un ajuste personalizado. Confeccionado en gabardina con spandex, que combina elasticidad y durabilidad para un calce cómodo y resistente. Ideal para uniformes o uso urbano con estilo profesional.","GABARDINA C/SPANDEX 8,2 OZ - 98%ALGODÓN 2%ELASTANO"
L-OF-PAN-CBAL50,Cargo Balance Dama AZUL MARINO 46,PRODUCTO OFFICE,PANTALON,ECOMMERCE,4,"$64,990.00","$55,241.50","$53,710.74","$21,663.33",pantalon-cargo-balance-dama/pantalon-cargo-balance-dama-azulmarino-1,pantalon-cargo-balance-hombre.jpg,pantalon-cargo.jpg,"Pantalón cargo femenino con corte moderno y funcional, diseñado para brindar comodidad, resistencia y libertad de movimiento. Posee bolsillos laterales con tabla y cierre con velcro, pinza trasera y costura cañón que estilizan la silueta. Incluye bolsillo trasero con tapa y bolsillos aplicados en el delantero, ofreciendo gran capacidad de guardado. La cintura con pasacintos permite un ajuste personalizado. Confeccionado en gabardina con spandex, que combina elasticidad y durabilidad para un calce cómodo y resistente. Ideal para uniformes o uso urbano con estilo profesional.","GABARDINA C/SPANDEX 8,2 OZ - 98%ALGODÓN 2%ELASTANO"
L-OF-PAN-CBAL51,Cargo Balance Dama AZUL MARINO 48,PRODUCTO OFFICE,PANTALON,ECOMMERCE,2,"$64,990.00","$55,241.50","$53,710.74","$21,663.33",pantalon-cargo-balance-dama/pantalon-cargo-balance-dama-azulmarino-1,pantalon-cargo-balance-hombre.jpg,pantalon-cargo.jpg,"Pantalón cargo femenino con corte moderno y funcional, diseñado para brindar comodidad, resistencia y libertad de movimiento. Posee bolsillos laterales con tabla y cierre con velcro, pinza trasera y costura cañón que estilizan la silueta. Incluye bolsillo trasero con tapa y bolsillos aplicados en el delantero, ofreciendo gran capacidad de guardado. La cintura con pasacintos permite un ajuste personalizado. Confeccionado en gabardina con spandex, que combina elasticidad y durabilidad para un calce cómodo y resistente. Ideal para uniformes o uso urbano con estilo profesional.","GABARDINA C/SPANDEX 8,2 OZ - 98%ALGODÓN 2%ELASTANO"
L-OF-PAN-CBAL52,Cargo Balance Dama AZUL MARINO 50,PRODUCTO OFFICE,PANTALON,ECOMMERCE,2,"$64,990.00","$55,241.50","$53,710.74","$21,663.33",pantalon-cargo-balance-dama/pantalon-cargo-balance-dama-azulmarino-1,pantalon-cargo-balance-hombre.jpg,pantalon-cargo.jpg,"Pantalón cargo femenino con corte moderno y funcional, diseñado para brindar comodidad, resistencia y libertad de movimiento. Posee bolsillos laterales con tabla y cierre con velcro, pinza trasera y costura cañón que estilizan la silueta. Incluye bolsillo trasero con tapa y bolsillos aplicados en el delantero, ofreciendo gran capacidad de guardado. La cintura con pasacintos permite un ajuste personalizado. Confeccionado en gabardina con spandex, que combina elasticidad y durabilidad para un calce cómodo y resistente. Ideal para uniformes o uso urbano con estilo profesional.","GABARDINA C/SPANDEX 8,2 OZ - 98%ALGODÓN 2%ELASTANO"
L-OF-PAN-CBAL34,Cargo Balance Dama NEGRO 36,PRODUCTO OFFICE,PANTALON,ECOMMERCE,2,"$64,990.00","$55,241.50","$53,710.74","$21,663.33",pantalon-cargo-balance-dama/pantalon-cargo-balance-dama-negro-1,pantalon-cargo-balance-hombre.jpg,pantalon-cargo.jpg,"Pantalón cargo femenino con corte moderno y funcional, diseñado para brindar comodidad, resistencia y libertad de movimiento. Posee bolsillos laterales con tabla y cierre con velcro, pinza trasera y costura cañón que estilizan la silueta. Incluye bolsillo trasero con tapa y bolsillos aplicados en el delantero, ofreciendo gran capacidad de guardado. La cintura con pasacintos permite un ajuste personalizado. Confeccionado en gabardina con spandex, que combina elasticidad y durabilidad para un calce cómodo y resistente. Ideal para uniformes o uso urbano con estilo profesional.","GABARDINA C/SPANDEX 8,2 OZ - 98%ALGODÓN 2%ELASTANO"
L-OF-PAN-CBAL35,Cargo Balance Dama NEGRO 38,PRODUCTO OFFICE,PANTALON,ECOMMERCE,9,"$64,990.00","$55,241.50","$53,710.74","$21,663.33",pantalon-cargo-balance-dama/pantalon-cargo-balance-dama-negro-1,pantalon-cargo-balance-hombre.jpg,pantalon-cargo.jpg,"Pantalón cargo femenino con corte moderno y funcional, diseñado para brindar comodidad, resistencia y libertad de movimiento. Posee bolsillos laterales con tabla y cierre con velcro, pinza trasera y costura cañón que estilizan la silueta. Incluye bolsillo trasero con tapa y bolsillos aplicados en el delantero, ofreciendo gran capacidad de guardado. La cintura con pasacintos permite un ajuste personalizado. Confeccionado en gabardina con spandex, que combina elasticidad y durabilidad para un calce cómodo y resistente. Ideal para uniformes o uso urbano con estilo profesional.","GABARDINA C/SPANDEX 8,2 OZ - 98%ALGODÓN 2%ELASTANO"
L-OF-PAN-CBAL36,Cargo Balance Dama NEGRO 40,PRODUCTO OFFICE,PANTALON,ECOMMERCE,8,"$64,990.00","$55,241.50","$53,710.74","$21,663.33",pantalon-cargo-balance-dama/pantalon-cargo-balance-dama-negro-1,pantalon-cargo-balance-hombre.jpg,pantalon-cargo.jpg,"Pantalón cargo femenino con corte moderno y funcional, diseñado para brindar comodidad, resistencia y libertad de movimiento. Posee bolsillos laterales con tabla y cierre con velcro, pinza trasera y costura cañón que estilizan la silueta. Incluye bolsillo trasero con tapa y bolsillos aplicados en el delantero, ofreciendo gran capacidad de guardado. La cintura con pasacintos permite un ajuste personalizado. Confeccionado en gabardina con spandex, que combina elasticidad y durabilidad para un calce cómodo y resistente. Ideal para uniformes o uso urbano con estilo profesional.","GABARDINA C/SPANDEX 8,2 OZ - 98%ALGODÓN 2%ELASTANO"
L-OF-PAN-CBAL37,Cargo Balance Dama NEGRO 42,PRODUCTO OFFICE,PANTALON,ECOMMERCE,9,"$64,990.00","$55,241.50","$53,710.74","$21,663.33",pantalon-cargo-balance-dama/pantalon-cargo-balance-dama-negro-1,pantalon-cargo-balance-hombre.jpg,pantalon-cargo.jpg,"Pantalón cargo femenino con corte moderno y funcional, diseñado para brindar comodidad, resistencia y libertad de movimiento. Posee bolsillos laterales con tabla y cierre con velcro, pinza trasera y costura cañón que estilizan la silueta. Incluye bolsillo trasero con tapa y bolsillos aplicados en el delantero, ofreciendo gran capacidad de guardado. La cintura con pasacintos permite un ajuste personalizado. Confeccionado en gabardina con spandex, que combina elasticidad y durabilidad para un calce cómodo y resistente. Ideal para uniformes o uso urbano con estilo profesional.","GABARDINA C/SPANDEX 8,2 OZ - 98%ALGODÓN 2%ELASTANO"
L-OF-PAN-CBAL38,Cargo Balance Dama NEGRO 44,PRODUCTO OFFICE,PANTALON,ECOMMERCE,9,"$64,990.00","$55,241.50","$53,710.74","$21,663.33",pantalon-cargo-balance-dama/pantalon-cargo-balance-dama-negro-1,pantalon-cargo-balance-hombre.jpg,pantalon-cargo.jpg,"Pantalón cargo femenino con corte moderno y funcional, diseñado para brindar comodidad, resistencia y libertad de movimiento. Posee bolsillos laterales con tabla y cierre con velcro, pinza trasera y costura cañón que estilizan la silueta. Incluye bolsillo trasero con tapa y bolsillos aplicados en el delantero, ofreciendo gran capacidad de guardado. La cintura con pasacintos permite un ajuste personalizado. Confeccionado en gabardina con spandex, que combina elasticidad y durabilidad para un calce cómodo y resistente. Ideal para uniformes o uso urbano con estilo profesional.","GABARDINA C/SPANDEX 8,2 OZ - 98%ALGODÓN 2%ELASTANO"
L-OF-PAN-CBAL39,Cargo Balance Dama NEGRO 46,PRODUCTO OFFICE,PANTALON,ECOMMERCE,5,"$64,990.00","$55,241.50","$53,710.74","$21,663.33",pantalon-cargo-balance-dama/pantalon-cargo-balance-dama-negro-1,pantalon-cargo-balance-hombre.jpg,pantalon-cargo.jpg,"Pantalón cargo femenino con corte moderno y funcional, diseñado para brindar comodidad, resistencia y libertad de movimiento. Posee bolsillos laterales con tabla y cierre con velcro, pinza trasera y costura cañón que estilizan la silueta. Incluye bolsillo trasero con tapa y bolsillos aplicados en el delantero, ofreciendo gran capacidad de guardado. La cintura con pasacintos permite un ajuste personalizado. Confeccionado en gabardina con spandex, que combina elasticidad y durabilidad para un calce cómodo y resistente. Ideal para uniformes o uso urbano con estilo profesional.","GABARDINA C/SPANDEX 8,2 OZ - 98%ALGODÓN 2%ELASTANO"
L-OF-PAN-CBAL40,Cargo Balance Dama NEGRO 48,PRODUCTO OFFICE,PANTALON,ECOMMERCE,2,"$64,990.00","$55,241.50","$53,710.74","$21,663.33",pantalon-cargo-balance-dama/pantalon-cargo-balance-dama-negro-1,pantalon-cargo-balance-hombre.jpg,pantalon-cargo.jpg,"Pantalón cargo femenino con corte moderno y funcional, diseñado para brindar comodidad, resistencia y libertad de movimiento. Posee bolsillos laterales con tabla y cierre con velcro, pinza trasera y costura cañón que estilizan la silueta. Incluye bolsillo trasero con tapa y bolsillos aplicados en el delantero, ofreciendo gran capacidad de guardado. La cintura con pasacintos permite un ajuste personalizado. Confeccionado en gabardina con spandex, que combina elasticidad y durabilidad para un calce cómodo y resistente. Ideal para uniformes o uso urbano con estilo profesional.","GABARDINA C/SPANDEX 8,2 OZ - 98%ALGODÓN 2%ELASTANO"
L-OF-PAN-CBAL41,Cargo Balance Dama NEGRO 50,PRODUCTO OFFICE,PANTALON,ECOMMERCE,3,"$64,990.00","$55,241.50","$53,710.74","$21,663.33",pantalon-cargo-balance-dama/pantalon-cargo-balance-dama-negro-1,pantalon-cargo-balance-hombre.jpg,pantalon-cargo.jpg,"Pantalón cargo femenino con corte moderno y funcional, diseñado para brindar comodidad, resistencia y libertad de movimiento. Posee bolsillos laterales con tabla y cierre con velcro, pinza trasera y costura cañón que estilizan la silueta. Incluye bolsillo trasero con tapa y bolsillos aplicados en el delantero, ofreciendo gran capacidad de guardado. La cintura con pasacintos permite un ajuste personalizado. Confeccionado en gabardina con spandex, que combina elasticidad y durabilidad para un calce cómodo y resistente. Ideal para uniformes o uso urbano con estilo profesional.","GABARDINA C/SPANDEX 8,2 OZ - 98%ALGODÓN 2%ELASTANO"
L-OF-PAN-CBAL15,Cargo Balance H AZUL MAR 42,PRODUCTO OFFICE,PANTALON,ECOMMERCE,20,"$69,990.00","$59,491.50","$57,842.98","$23,330.00",pantalon-cargo-balance-hombre/pantalon-cargo-balance-hombre-azulmarino-1,pantalon-cargo-balance-hombre.jpg,pantalon-cargo.jpg,"Pantalón cargo de corte moderno, pensado para ofrecer comodidad, resistencia y movilidad durante la jornada laboral. Cuenta con bolsillos laterales aplicados con tabla, bolsillo trasero con tapa y ojal, y costura cañón para un acabado más firme. La cintura con pasacintos permite un ajuste seguro, mientras que los cierres de velcro en los bolsillos aportan practicidad. Confeccionado en gabardina con spandex, que combina elasticidad y durabilidad para un calce confortable y funcional. Ideal para uniformes de trabajo o uso urbano con estilo profesional.","GABARDINA C/SPANDEX 8,2 OZ - 98%ALGODÓN 2%ELASTANO"
L-OF-PAN-CBAL16,Cargo Balance H AZUL MAR 44,PRODUCTO OFFICE,PANTALON,ECOMMERCE,38,"$69,990.00","$59,491.50","$57,842.98","$23,330.00",pantalon-cargo-balance-hombre/pantalon-cargo-balance-hombre-azulmarino-1,pantalon-cargo-balance-hombre.jpg,pantalon-cargo.jpg,"Pantalón cargo de corte moderno, pensado para ofrecer comodidad, resistencia y movilidad durante la jornada laboral. Cuenta con bolsillos laterales aplicados con tabla, bolsillo trasero con tapa y ojal, y costura cañón para un acabado más firme. La cintura con pasacintos permite un ajuste seguro, mientras que los cierres de velcro en los bolsillos aportan practicidad. Confeccionado en gabardina con spandex, que combina elasticidad y durabilidad para un calce confortable y funcional. Ideal para uniformes de trabajo o uso urbano con estilo profesional.","GABARDINA C/SPANDEX 8,2 OZ - 98%ALGODÓN 2%ELASTANO"
L-OF-PAN-CBAL17,Cargo Balance H AZUL MAR 46,PRODUCTO OFFICE,PANTALON,ECOMMERCE,30,"$69,990.00","$59,491.50","$57,842.98","$23,330.00",pantalon-cargo-balance-hombre/pantalon-cargo-balance-hombre-azulmarino-1,pantalon-cargo-balance-hombre.jpg,pantalon-cargo.jpg,"Pantalón cargo de corte moderno, pensado para ofrecer comodidad, resistencia y movilidad durante la jornada laboral. Cuenta con bolsillos laterales aplicados con tabla, bolsillo trasero con tapa y ojal, y costura cañón para un acabado más firme. La cintura con pasacintos permite un ajuste seguro, mientras que los cierres de velcro en los bolsillos aportan practicidad. Confeccionado en gabardina con spandex, que combina elasticidad y durabilidad para un calce confortable y funcional. Ideal para uniformes de trabajo o uso urbano con estilo profesional.","GABARDINA C/SPANDEX 8,2 OZ - 98%ALGODÓN 2%ELASTANO"
L-OF-PAN-CBAL18,Cargo Balance H AZUL MAR 48,PRODUCTO OFFICE,PANTALON,ECOMMERCE,20,"$69,990.00","$59,491.50","$57,842.98","$23,330.00",pantalon-cargo-balance-hombre/pantalon-cargo-balance-hombre-azulmarino-1,pantalon-cargo-balance-hombre.jpg,pantalon-cargo.jpg,"Pantalón cargo de corte moderno, pensado para ofrecer comodidad, resistencia y movilidad durante la jornada laboral. Cuenta con bolsillos laterales aplicados con tabla, bolsillo trasero con tapa y ojal, y costura cañón para un acabado más firme. La cintura con pasacintos permite un ajuste seguro, mientras que los cierres de velcro en los bolsillos aportan practicidad. Confeccionado en gabardina con spandex, que combina elasticidad y durabilidad para un calce confortable y funcional. Ideal para uniformes de trabajo o uso urbano con estilo profesional.","GABARDINA C/SPANDEX 8,2 OZ - 98%ALGODÓN 2%ELASTANO"
L-OF-PAN-CBAL19,Cargo Balance H AZUL MAR 50,PRODUCTO OFFICE,PANTALON,ECOMMERCE,18,"$69,990.00","$59,491.50","$57,842.98","$23,330.00",pantalon-cargo-balance-hombre/pantalon-cargo-balance-hombre-azulmarino-1,pantalon-cargo-balance-hombre.jpg,pantalon-cargo.jpg,"Pantalón cargo de corte moderno, pensado para ofrecer comodidad, resistencia y movilidad durante la jornada laboral. Cuenta con bolsillos laterales aplicados con tabla, bolsillo trasero con tapa y ojal, y costura cañón para un acabado más firme. La cintura con pasacintos permite un ajuste seguro, mientras que los cierres de velcro en los bolsillos aportan practicidad. Confeccionado en gabardina con spandex, que combina elasticidad y durabilidad para un calce confortable y funcional. Ideal para uniformes de trabajo o uso urbano con estilo profesional.","GABARDINA C/SPANDEX 8,2 OZ - 98%ALGODÓN 2%ELASTANO"
L-OF-PAN-CBAL20,Cargo Balance H AZUL MAR 52,PRODUCTO OFFICE,PANTALON,ECOMMERCE,10,"$69,990.00","$59,491.50","$57,842.98","$23,330.00",pantalon-cargo-balance-hombre/pantalon-cargo-balance-hombre-azulmarino-1,pantalon-cargo-balance-hombre.jpg,pantalon-cargo.jpg,"Pantalón cargo de corte moderno, pensado para ofrecer comodidad, resistencia y movilidad durante la jornada laboral. Cuenta con bolsillos laterales aplicados con tabla, bolsillo trasero con tapa y ojal, y costura cañón para un acabado más firme. La cintura con pasacintos permite un ajuste seguro, mientras que los cierres de velcro en los bolsillos aportan practicidad. Confeccionado en gabardina con spandex, que combina elasticidad y durabilidad para un calce confortable y funcional. Ideal para uniformes de trabajo o uso urbano con estilo profesional.","GABARDINA C/SPANDEX 8,2 OZ - 98%ALGODÓN 2%ELASTANO"
L-OF-PAN-CBAL67,Cargo Balance H GRIS TOPO 38,PRODUCTO OFFICE,PANTALON,ECOMMERCE,9,"$69,990.00","$59,491.50","$57,842.98","$23,330.00",pantalon-cargo-balance-hombre/pantalon-cargo-balance-hombre-gristopo-1,pantalon-cargo-balance-hombre.jpg,pantalon-cargo.jpg,"Pantalón cargo de corte moderno, pensado para ofrecer comodidad, resistencia y movilidad durante la jornada laboral. Cuenta con bolsillos laterales aplicados con tabla, bolsillo trasero con tapa y ojal, y costura cañón para un acabado más firme. La cintura con pasacintos permite un ajuste seguro, mientras que los cierres de velcro en los bolsillos aportan practicidad. Confeccionado en gabardina con spandex, que combina elasticidad y durabilidad para un calce confortable y funcional. Ideal para uniformes de trabajo o uso urbano con estilo profesional.","GABARDINA C/SPANDEX 8,2 OZ - 98%ALGODÓN 2%ELASTANO"
L-OF-PAN-CBAL68,Cargo Balance H GRIS TOPO 40,PRODUCTO OFFICE,PANTALON,ECOMMERCE,17,"$69,990.00","$59,491.50","$57,842.98","$23,330.00",pantalon-cargo-balance-hombre/pantalon-cargo-balance-hombre-gristopo-1,pantalon-cargo-balance-hombre.jpg,pantalon-cargo.jpg,"Pantalón cargo de corte moderno, pensado para ofrecer comodidad, resistencia y movilidad durante la jornada laboral. Cuenta con bolsillos laterales aplicados con tabla, bolsillo trasero con tapa y ojal, y costura cañón para un acabado más firme. La cintura con pasacintos permite un ajuste seguro, mientras que los cierres de velcro en los bolsillos aportan practicidad. Confeccionado en gabardina con spandex, que combina elasticidad y durabilidad para un calce confortable y funcional. Ideal para uniformes de trabajo o uso urbano con estilo profesional.","GABARDINA C/SPANDEX 8,2 OZ - 98%ALGODÓN 2%ELASTANO"
L-OF-PAN-CBAL69,Cargo Balance H GRIS TOPO 42,PRODUCTO OFFICE,PANTALON,ECOMMERCE,36,"$69,990.00","$59,491.50","$57,842.98","$23,330.00",pantalon-cargo-balance-hombre/pantalon-cargo-balance-hombre-gristopo-1,pantalon-cargo-balance-hombre.jpg,pantalon-cargo.jpg,"Pantalón cargo de corte moderno, pensado para ofrecer comodidad, resistencia y movilidad durante la jornada laboral. Cuenta con bolsillos laterales aplicados con tabla, bolsillo trasero con tapa y ojal, y costura cañón para un acabado más firme. La cintura con pasacintos permite un ajuste seguro, mientras que los cierres de velcro en los bolsillos aportan practicidad. Confeccionado en gabardina con spandex, que combina elasticidad y durabilidad para un calce confortable y funcional. Ideal para uniformes de trabajo o uso urbano con estilo profesional.","GABARDINA C/SPANDEX 8,2 OZ - 98%ALGODÓN 2%ELASTANO"
L-OF-PAN-CBAL70,Cargo Balance H GRIS TOPO 44,PRODUCTO OFFICE,PANTALON,ECOMMERCE,40,"$69,990.00","$59,491.50","$57,842.98","$23,330.00",pantalon-cargo-balance-hombre/pantalon-cargo-balance-hombre-gristopo-1,pantalon-cargo-balance-hombre.jpg,pantalon-cargo.jpg,"Pantalón cargo de corte moderno, pensado para ofrecer comodidad, resistencia y movilidad durante la jornada laboral. Cuenta con bolsillos laterales aplicados con tabla, bolsillo trasero con tapa y ojal, y costura cañón para un acabado más firme. La cintura con pasacintos permite un ajuste seguro, mientras que los cierres de velcro en los bolsillos aportan practicidad. Confeccionado en gabardina con spandex, que combina elasticidad y durabilidad para un calce confortable y funcional. Ideal para uniformes de trabajo o uso urbano con estilo profesional.","GABARDINA C/SPANDEX 8,2 OZ - 98%ALGODÓN 2%ELASTANO"
L-OF-PAN-CBAL71,Cargo Balance H GRIS TOPO 46,PRODUCTO OFFICE,PANTALON,ECOMMERCE,28,"$69,990.00","$59,491.50","$57,842.98","$23,330.00",pantalon-cargo-balance-hombre/pantalon-cargo-balance-hombre-gristopo-1,pantalon-cargo-balance-hombre.jpg,pantalon-cargo.jpg,"Pantalón cargo de corte moderno, pensado para ofrecer comodidad, resistencia y movilidad durante la jornada laboral. Cuenta con bolsillos laterales aplicados con tabla, bolsillo trasero con tapa y ojal, y costura cañón para un acabado más firme. La cintura con pasacintos permite un ajuste seguro, mientras que los cierres de velcro en los bolsillos aportan practicidad. Confeccionado en gabardina con spandex, que combina elasticidad y durabilidad para un calce confortable y funcional. Ideal para uniformes de trabajo o uso urbano con estilo profesional.","GABARDINA C/SPANDEX 8,2 OZ - 98%ALGODÓN 2%ELASTANO"
L-OF-PAN-CBAL72,Cargo Balance H GRIS TOPO 48,PRODUCTO OFFICE,PANTALON,ECOMMERCE,28,"$69,990.00","$59,491.50","$57,842.98","$23,330.00",pantalon-cargo-balance-hombre/pantalon-cargo-balance-hombre-gristopo-1,pantalon-cargo-balance-hombre.jpg,pantalon-cargo.jpg,"Pantalón cargo de corte moderno, pensado para ofrecer comodidad, resistencia y movilidad durante la jornada laboral. Cuenta con bolsillos laterales aplicados con tabla, bolsillo trasero con tapa y ojal, y costura cañón para un acabado más firme. La cintura con pasacintos permite un ajuste seguro, mientras que los cierres de velcro en los bolsillos aportan practicidad. Confeccionado en gabardina con spandex, que combina elasticidad y durabilidad para un calce confortable y funcional. Ideal para uniformes de trabajo o uso urbano con estilo profesional.","GABARDINA C/SPANDEX 8,2 OZ - 98%ALGODÓN 2%ELASTANO"
L-OF-PAN-CBAL73,Cargo Balance H GRIS TOPO 50,PRODUCTO OFFICE,PANTALON,ECOMMERCE,17,"$69,990.00","$59,491.50","$57,842.98","$23,330.00",pantalon-cargo-balance-hombre/pantalon-cargo-balance-hombre-gristopo-1,pantalon-cargo-balance-hombre.jpg,pantalon-cargo.jpg,"Pantalón cargo de corte moderno, pensado para ofrecer comodidad, resistencia y movilidad durante la jornada laboral. Cuenta con bolsillos laterales aplicados con tabla, bolsillo trasero con tapa y ojal, y costura cañón para un acabado más firme. La cintura con pasacintos permite un ajuste seguro, mientras que los cierres de velcro en los bolsillos aportan practicidad. Confeccionado en gabardina con spandex, que combina elasticidad y durabilidad para un calce confortable y funcional. Ideal para uniformes de trabajo o uso urbano con estilo profesional.","GABARDINA C/SPANDEX 8,2 OZ - 98%ALGODÓN 2%ELASTANO"
L-OF-PAN-CBAL74,Cargo Balance H GRIS TOPO 52,PRODUCTO OFFICE,PANTALON,ECOMMERCE,10,"$69,990.00","$59,491.50","$57,842.98","$23,330.00",pantalon-cargo-balance-hombre/pantalon-cargo-balance-hombre-gristopo-1,pantalon-cargo-balance-hombre.jpg,pantalon-cargo.jpg,"Pantalón cargo de corte moderno, pensado para ofrecer comodidad, resistencia y movilidad durante la jornada laboral. Cuenta con bolsillos laterales aplicados con tabla, bolsillo trasero con tapa y ojal, y costura cañón para un acabado más firme. La cintura con pasacintos permite un ajuste seguro, mientras que los cierres de velcro en los bolsillos aportan practicidad. Confeccionado en gabardina con spandex, que combina elasticidad y durabilidad para un calce confortable y funcional. Ideal para uniformes de trabajo o uso urbano con estilo profesional.","GABARDINA C/SPANDEX 8,2 OZ - 98%ALGODÓN 2%ELASTANO"
L-OF-PAN-CBAL24,Cargo Balance Hombre CEMENTO 38,PRODUCTO OFFICE,PANTALON,ECOMMERCE,1,"$69,990.00","$59,491.50","$57,842.98","$23,330.00",pantalon-cargo-balance-hombre/pantalon-cargo-balance-hombre-cemento-1,pantalon-cargo-balance-hombre.jpg,pantalon-cargo.jpg,"Pantalón cargo de corte moderno, pensado para ofrecer comodidad, resistencia y movilidad durante la jornada laboral. Cuenta con bolsillos laterales aplicados con tabla, bolsillo trasero con tapa y ojal, y costura cañón para un acabado más firme. La cintura con pasacintos permite un ajuste seguro, mientras que los cierres de velcro en los bolsillos aportan practicidad. Confeccionado en gabardina con spandex, que combina elasticidad y durabilidad para un calce confortable y funcional. Ideal para uniformes de trabajo o uso urbano con estilo profesional.","GABARDINA C/SPANDEX 8,2 OZ - 98%ALGODÓN 2%ELASTANO"
L-OF-PAN-CBAL26,Cargo Balance Hombre CEMENTO 42,PRODUCTO OFFICE,PANTALON,ECOMMERCE,4,"$69,990.00","$59,491.50","$57,842.98","$23,330.00",pantalon-cargo-balance-hombre/pantalon-cargo-balance-hombre-cemento-1,pantalon-cargo-balance-hombre.jpg,pantalon-cargo.jpg,"Pantalón cargo de corte moderno, pensado para ofrecer comodidad, resistencia y movilidad durante la jornada laboral. Cuenta con bolsillos laterales aplicados con tabla, bolsillo trasero con tapa y ojal, y costura cañón para un acabado más firme. La cintura con pasacintos permite un ajuste seguro, mientras que los cierres de velcro en los bolsillos aportan practicidad. Confeccionado en gabardina con spandex, que combina elasticidad y durabilidad para un calce confortable y funcional. Ideal para uniformes de trabajo o uso urbano con estilo profesional.","GABARDINA C/SPANDEX 8,2 OZ - 98%ALGODÓN 2%ELASTANO"
L-OF-PAN-CBAL27,Cargo Balance Hombre CEMENTO 44,PRODUCTO OFFICE,PANTALON,ECOMMERCE,6,"$69,990.00","$59,491.50","$57,842.98","$23,330.00",pantalon-cargo-balance-hombre/pantalon-cargo-balance-hombre-cemento-1,pantalon-cargo-balance-hombre.jpg,pantalon-cargo.jpg,"Pantalón cargo de corte moderno, pensado para ofrecer comodidad, resistencia y movilidad durante la jornada laboral. Cuenta con bolsillos laterales aplicados con tabla, bolsillo trasero con tapa y ojal, y costura cañón para un acabado más firme. La cintura con pasacintos permite un ajuste seguro, mientras que los cierres de velcro en los bolsillos aportan practicidad. Confeccionado en gabardina con spandex, que combina elasticidad y durabilidad para un calce confortable y funcional. Ideal para uniformes de trabajo o uso urbano con estilo profesional.","GABARDINA C/SPANDEX 8,2 OZ - 98%ALGODÓN 2%ELASTANO"
L-OF-PAN-CBAL28,Cargo Balance Hombre CEMENTO 46,PRODUCTO OFFICE,PANTALON,ECOMMERCE,5,"$69,990.00","$59,491.50","$57,842.98","$23,330.00",pantalon-cargo-balance-hombre/pantalon-cargo-balance-hombre-cemento-1,pantalon-cargo-balance-hombre.jpg,pantalon-cargo.jpg,"Pantalón cargo de corte moderno, pensado para ofrecer comodidad, resistencia y movilidad durante la jornada laboral. Cuenta con bolsillos laterales aplicados con tabla, bolsillo trasero con tapa y ojal, y costura cañón para un acabado más firme. La cintura con pasacintos permite un ajuste seguro, mientras que los cierres de velcro en los bolsillos aportan practicidad. Confeccionado en gabardina con spandex, que combina elasticidad y durabilidad para un calce confortable y funcional. Ideal para uniformes de trabajo o uso urbano con estilo profesional.","GABARDINA C/SPANDEX 8,2 OZ - 98%ALGODÓN 2%ELASTANO"
L-OF-PAN-CBAL29,Cargo Balance Hombre CEMENTO 48,PRODUCTO OFFICE,PANTALON,ECOMMERCE,5,"$69,990.00","$59,491.50","$57,842.98","$23,330.00",pantalon-cargo-balance-hombre/pantalon-cargo-balance-hombre-cemento-1,pantalon-cargo-balance-hombre.jpg,pantalon-cargo.jpg,"Pantalón cargo de corte moderno, pensado para ofrecer comodidad, resistencia y movilidad durante la jornada laboral. Cuenta con bolsillos laterales aplicados con tabla, bolsillo trasero con tapa y ojal, y costura cañón para un acabado más firme. La cintura con pasacintos permite un ajuste seguro, mientras que los cierres de velcro en los bolsillos aportan practicidad. Confeccionado en gabardina con spandex, que combina elasticidad y durabilidad para un calce confortable y funcional. Ideal para uniformes de trabajo o uso urbano con estilo profesional.","GABARDINA C/SPANDEX 8,2 OZ - 98%ALGODÓN 2%ELASTANO"
L-OF-PAN-CBAL30,Cargo Balance Hombre CEMENTO 50,PRODUCTO OFFICE,PANTALON,ECOMMERCE,3,"$69,990.00","$59,491.50","$57,842.98","$23,330.00",pantalon-cargo-balance-hombre/pantalon-cargo-balance-hombre-cemento-1,pantalon-cargo-balance-hombre.jpg,pantalon-cargo.jpg,"Pantalón cargo de corte moderno, pensado para ofrecer comodidad, resistencia y movilidad durante la jornada laboral. Cuenta con bolsillos laterales aplicados con tabla, bolsillo trasero con tapa y ojal, y costura cañón para un acabado más firme. La cintura con pasacintos permite un ajuste seguro, mientras que los cierres de velcro en los bolsillos aportan practicidad. Confeccionado en gabardina con spandex, que combina elasticidad y durabilidad para un calce confortable y funcional. Ideal para uniformes de trabajo o uso urbano con estilo profesional.","GABARDINA C/SPANDEX 8,2 OZ - 98%ALGODÓN 2%ELASTANO"
L-OF-PAN-CBAL31,Cargo Balance Hombre CEMENTO 52,PRODUCTO OFFICE,PANTALON,ECOMMERCE,1,"$69,990.00","$59,491.50","$57,842.98","$23,330.00",pantalon-cargo-balance-hombre/pantalon-cargo-balance-hombre-cemento-1,pantalon-cargo-balance-hombre.jpg,pantalon-cargo.jpg,"Pantalón cargo de corte moderno, pensado para ofrecer comodidad, resistencia y movilidad durante la jornada laboral. Cuenta con bolsillos laterales aplicados con tabla, bolsillo trasero con tapa y ojal, y costura cañón para un acabado más firme. La cintura con pasacintos permite un ajuste seguro, mientras que los cierres de velcro en los bolsillos aportan practicidad. Confeccionado en gabardina con spandex, que combina elasticidad y durabilidad para un calce confortable y funcional. Ideal para uniformes de trabajo o uso urbano con estilo profesional.","GABARDINA C/SPANDEX 8,2 OZ - 98%ALGODÓN 2%ELASTANO"
L-OF-PAN-CBAL2,Cargo Balance Hombre NEGRO 38,PRODUCTO OFFICE,PANTALON,ECOMMERCE,8,"$69,990.00","$59,491.50","$57,842.98","$23,330.00",pantalon-cargo-balance-hombre/pantalon-cargo-balance-hombre-negro-1,pantalon-cargo-balance-hombre.jpg,pantalon-cargo.jpg,"Pantalón cargo de corte moderno, pensado para ofrecer comodidad, resistencia y movilidad durante la jornada laboral. Cuenta con bolsillos laterales aplicados con tabla, bolsillo trasero con tapa y ojal, y costura cañón para un acabado más firme. La cintura con pasacintos permite un ajuste seguro, mientras que los cierres de velcro en los bolsillos aportan practicidad. Confeccionado en gabardina con spandex, que combina elasticidad y durabilidad para un calce confortable y funcional. Ideal para uniformes de trabajo o uso urbano con estilo profesional.","GABARDINA C/SPANDEX 8,2 OZ - 98%ALGODÓN 2%ELASTANO"
L-OF-PAN-CBAL3,Cargo Balance Hombre NEGRO 40,PRODUCTO OFFICE,PANTALON,ECOMMERCE,9,"$69,990.00","$59,491.50","$57,842.98","$23,330.00",pantalon-cargo-balance-hombre/pantalon-cargo-balance-hombre-negro-1,pantalon-cargo-balance-hombre.jpg,pantalon-cargo.jpg,"Pantalón cargo de corte moderno, pensado para ofrecer comodidad, resistencia y movilidad durante la jornada laboral. Cuenta con bolsillos laterales aplicados con tabla, bolsillo trasero con tapa y ojal, y costura cañón para un acabado más firme. La cintura con pasacintos permite un ajuste seguro, mientras que los cierres de velcro en los bolsillos aportan practicidad. Confeccionado en gabardina con spandex, que combina elasticidad y durabilidad para un calce confortable y funcional. Ideal para uniformes de trabajo o uso urbano con estilo profesional.","GABARDINA C/SPANDEX 8,2 OZ - 98%ALGODÓN 2%ELASTANO"
L-OF-PAN-CBAL4,Cargo Balance Hombre NEGRO 42,PRODUCTO OFFICE,PANTALON,ECOMMERCE,19,"$69,990.00","$59,491.50","$57,842.98","$23,330.00",pantalon-cargo-balance-hombre/pantalon-cargo-balance-hombre-negro-1,pantalon-cargo-balance-hombre.jpg,pantalon-cargo.jpg,"Pantalón cargo de corte moderno, pensado para ofrecer comodidad, resistencia y movilidad durante la jornada laboral. Cuenta con bolsillos laterales aplicados con tabla, bolsillo trasero con tapa y ojal, y costura cañón para un acabado más firme. La cintura con pasacintos permite un ajuste seguro, mientras que los cierres de velcro en los bolsillos aportan practicidad. Confeccionado en gabardina con spandex, que combina elasticidad y durabilidad para un calce confortable y funcional. Ideal para uniformes de trabajo o uso urbano con estilo profesional.","GABARDINA C/SPANDEX 8,2 OZ - 98%ALGODÓN 2%ELASTANO"
L-OF-PAN-CBAL5,Cargo Balance Hombre NEGRO 44,PRODUCTO OFFICE,PANTALON,ECOMMERCE,18,"$69,990.00","$59,491.50","$57,842.98","$23,330.00",pantalon-cargo-balance-hombre/pantalon-cargo-balance-hombre-negro-1,pantalon-cargo-balance-hombre.jpg,pantalon-cargo.jpg,"Pantalón cargo de corte moderno, pensado para ofrecer comodidad, resistencia y movilidad durante la jornada laboral. Cuenta con bolsillos laterales aplicados con tabla, bolsillo trasero con tapa y ojal, y costura cañón para un acabado más firme. La cintura con pasacintos permite un ajuste seguro, mientras que los cierres de velcro en los bolsillos aportan practicidad. Confeccionado en gabardina con spandex, que combina elasticidad y durabilidad para un calce confortable y funcional. Ideal para uniformes de trabajo o uso urbano con estilo profesional.","GABARDINA C/SPANDEX 8,2 OZ - 98%ALGODÓN 2%ELASTANO"
L-OF-PAN-CBAL6,Cargo Balance Hombre NEGRO 46,PRODUCTO OFFICE,PANTALON,ECOMMERCE,14,"$69,990.00","$59,491.50","$57,842.98","$23,330.00",pantalon-cargo-balance-hombre/pantalon-cargo-balance-hombre-negro-1,pantalon-cargo-balance-hombre.jpg,pantalon-cargo.jpg,"Pantalón cargo de corte moderno, pensado para ofrecer comodidad, resistencia y movilidad durante la jornada laboral. Cuenta con bolsillos laterales aplicados con tabla, bolsillo trasero con tapa y ojal, y costura cañón para un acabado más firme. La cintura con pasacintos permite un ajuste seguro, mientras que los cierres de velcro en los bolsillos aportan practicidad. Confeccionado en gabardina con spandex, que combina elasticidad y durabilidad para un calce confortable y funcional. Ideal para uniformes de trabajo o uso urbano con estilo profesional.","GABARDINA C/SPANDEX 8,2 OZ - 98%ALGODÓN 2%ELASTANO"
L-OF-PAN-CBAL7,Cargo Balance Hombre NEGRO 48,PRODUCTO OFFICE,PANTALON,ECOMMERCE,14,"$69,990.00","$59,491.50","$57,842.98","$23,330.00",pantalon-cargo-balance-hombre/pantalon-cargo-balance-hombre-negro-1,pantalon-cargo-balance-hombre.jpg,pantalon-cargo.jpg,"Pantalón cargo de corte moderno, pensado para ofrecer comodidad, resistencia y movilidad durante la jornada laboral. Cuenta con bolsillos laterales aplicados con tabla, bolsillo trasero con tapa y ojal, y costura cañón para un acabado más firme. La cintura con pasacintos permite un ajuste seguro, mientras que los cierres de velcro en los bolsillos aportan practicidad. Confeccionado en gabardina con spandex, que combina elasticidad y durabilidad para un calce confortable y funcional. Ideal para uniformes de trabajo o uso urbano con estilo profesional.","GABARDINA C/SPANDEX 8,2 OZ - 98%ALGODÓN 2%ELASTANO"
L-OF-PAN-CBAL8,Cargo Balance Hombre NEGRO 50,PRODUCTO OFFICE,PANTALON,ECOMMERCE,10,"$69,990.00","$59,491.50","$57,842.98","$23,330.00",pantalon-cargo-balance-hombre/pantalon-cargo-balance-hombre-negro-1,pantalon-cargo-balance-hombre.jpg,pantalon-cargo.jpg,"Pantalón cargo de corte moderno, pensado para ofrecer comodidad, resistencia y movilidad durante la jornada laboral. Cuenta con bolsillos laterales aplicados con tabla, bolsillo trasero con tapa y ojal, y costura cañón para un acabado más firme. La cintura con pasacintos permite un ajuste seguro, mientras que los cierres de velcro en los bolsillos aportan practicidad. Confeccionado en gabardina con spandex, que combina elasticidad y durabilidad para un calce confortable y funcional. Ideal para uniformes de trabajo o uso urbano con estilo profesional.","GABARDINA C/SPANDEX 8,2 OZ - 98%ALGODÓN 2%ELASTANO"
L-OF-PAN-CBAL9,Cargo Balance Hombre NEGRO 52,PRODUCTO OFFICE,PANTALON,ECOMMERCE,8,"$69,990.00","$59,491.50","$57,842.98","$23,330.00",pantalon-cargo-balance-hombre/pantalon-cargo-balance-hombre-negro-1,pantalon-cargo-balance-hombre.jpg,pantalon-cargo.jpg,"Pantalón cargo de corte moderno, pensado para ofrecer comodidad, resistencia y movilidad durante la jornada laboral. Cuenta con bolsillos laterales aplicados con tabla, bolsillo trasero con tapa y ojal, y costura cañón para un acabado más firme. La cintura con pasacintos permite un ajuste seguro, mientras que los cierres de velcro en los bolsillos aportan practicidad. Confeccionado en gabardina con spandex, que combina elasticidad y durabilidad para un calce confortable y funcional. Ideal para uniformes de trabajo o uso urbano con estilo profesional.","GABARDINA C/SPANDEX 8,2 OZ - 98%ALGODÓN 2%ELASTANO"
L-WW-PAN-CBO24,Cargo Bolt Hombre Azul Marino 38,PRODUCTO WORKWEAR,PANTALON,ECOMMERCE,16,"$58,650.00","$49,852.50","$48,471.07","$19,550.00",pantalon-cargo-bolt-hombre/pantalon-cargo-bolt-hombre-azulmarino-1,pantalon-cargo-bolt-hombre.jpg,pantalon-cargo.jpg,"Pantalón de trabajo tipo cargo, diseñado para brindar resistencia, comodidad y funcionalidad. Cuenta con bolsillos laterales amplios con tapa y cierre de velcro, pinzas de entalle y bolsillos traseros con doble vivo. Incluye refuerzo en la entrepierna para mayor durabilidad y elástico en la cintura que mejora el ajuste. La cintura con pasacintos permite el uso de cinturón. Confeccionado en gabardina 8 oz, una tela firme, respirable y de gran desempeño. Con doble costura reforzadas ideales para uso laboral o urbano con estilo.",GABARDINA CAMPUS 8 OZ 100% ALGODÓN
L-WW-PAN-CBO25,Cargo Bolt Hombre Azul Marino 40,PRODUCTO WORKWEAR,PANTALON,ECOMMERCE,20,"$58,650.00","$49,852.50","$48,471.07","$19,550.00",pantalon-cargo-bolt-hombre/pantalon-cargo-bolt-hombre-azulmarino-1,pantalon-cargo-bolt-hombre.jpg,pantalon-cargo.jpg,"Pantalón de trabajo tipo cargo, diseñado para brindar resistencia, comodidad y funcionalidad. Cuenta con bolsillos laterales amplios con tapa y cierre de velcro, pinzas de entalle y bolsillos traseros con doble vivo. Incluye refuerzo en la entrepierna para mayor durabilidad y elástico en la cintura que mejora el ajuste. La cintura con pasacintos permite el uso de cinturón. Confeccionado en gabardina 8 oz, una tela firme, respirable y de gran desempeño. Con doble costura reforzadas ideales para uso laboral o urbano con estilo.",GABARDINA CAMPUS 8 OZ 100% ALGODÓN
L-WW-PAN-CBO26,Cargo Bolt Hombre Azul Marino 42,PRODUCTO WORKWEAR,PANTALON,ECOMMERCE,37,"$58,650.00","$49,852.50","$48,471.07","$19,550.00",pantalon-cargo-bolt-hombre/pantalon-cargo-bolt-hombre-azulmarino-1,pantalon-cargo-bolt-hombre.jpg,pantalon-cargo.jpg,"Pantalón de trabajo tipo cargo, diseñado para brindar resistencia, comodidad y funcionalidad. Cuenta con bolsillos laterales amplios con tapa y cierre de velcro, pinzas de entalle y bolsillos traseros con doble vivo. Incluye refuerzo en la entrepierna para mayor durabilidad y elástico en la cintura que mejora el ajuste. La cintura con pasacintos permite el uso de cinturón. Confeccionado en gabardina 8 oz, una tela firme, respirable y de gran desempeño. Con doble costura reforzadas ideales para uso laboral o urbano con estilo.",GABARDINA CAMPUS 8 OZ 100% ALGODÓN
L-WW-PAN-CBO27,Cargo Bolt Hombre Azul Marino 44,PRODUCTO WORKWEAR,PANTALON,ECOMMERCE,39,"$58,650.00","$49,852.50","$48,471.07","$19,550.00",pantalon-cargo-bolt-hombre/pantalon-cargo-bolt-hombre-azulmarino-1,pantalon-cargo-bolt-hombre.jpg,pantalon-cargo.jpg,"Pantalón de trabajo tipo cargo, diseñado para brindar resistencia, comodidad y funcionalidad. Cuenta con bolsillos laterales amplios con tapa y cierre de velcro, pinzas de entalle y bolsillos traseros con doble vivo. Incluye refuerzo en la entrepierna para mayor durabilidad y elástico en la cintura que mejora el ajuste. La cintura con pasacintos permite el uso de cinturón. Confeccionado en gabardina 8 oz, una tela firme, respirable y de gran desempeño. Con doble costura reforzadas ideales para uso laboral o urbano con estilo.",GABARDINA CAMPUS 8 OZ 100% ALGODÓN
L-WW-PAN-CBO28,Cargo Bolt Hombre Azul Marino 46,PRODUCTO WORKWEAR,PANTALON,ECOMMERCE,30,"$58,650.00","$49,852.50","$48,471.07","$19,550.00",pantalon-cargo-bolt-hombre/pantalon-cargo-bolt-hombre-azulmarino-1,pantalon-cargo-bolt-hombre.jpg,pantalon-cargo.jpg,"Pantalón de trabajo tipo cargo, diseñado para brindar resistencia, comodidad y funcionalidad. Cuenta con bolsillos laterales amplios con tapa y cierre de velcro, pinzas de entalle y bolsillos traseros con doble vivo. Incluye refuerzo en la entrepierna para mayor durabilidad y elástico en la cintura que mejora el ajuste. La cintura con pasacintos permite el uso de cinturón. Confeccionado en gabardina 8 oz, una tela firme, respirable y de gran desempeño. Con doble costura reforzadas ideales para uso laboral o urbano con estilo.",GABARDINA CAMPUS 8 OZ 100% ALGODÓN
L-WW-PAN-CBO29,Cargo Bolt Hombre Azul Marino 48,PRODUCTO WORKWEAR,PANTALON,ECOMMERCE,26,"$58,650.00","$49,852.50","$48,471.07","$19,550.00",pantalon-cargo-bolt-hombre/pantalon-cargo-bolt-hombre-azulmarino-1,pantalon-cargo-bolt-hombre.jpg,pantalon-cargo.jpg,"Pantalón de trabajo tipo cargo, diseñado para brindar resistencia, comodidad y funcionalidad. Cuenta con bolsillos laterales amplios con tapa y cierre de velcro, pinzas de entalle y bolsillos traseros con doble vivo. Incluye refuerzo en la entrepierna para mayor durabilidad y elástico en la cintura que mejora el ajuste. La cintura con pasacintos permite el uso de cinturón. Confeccionado en gabardina 8 oz, una tela firme, respirable y de gran desempeño. Con doble costura reforzadas ideales para uso laboral o urbano con estilo.",GABARDINA CAMPUS 8 OZ 100% ALGODÓN
L-WW-PAN-CBO30,Cargo Bolt Hombre Azul Marino 50,PRODUCTO WORKWEAR,PANTALON,ECOMMERCE,19,"$58,650.00","$49,852.50","$48,471.07","$19,550.00",pantalon-cargo-bolt-hombre/pantalon-cargo-bolt-hombre-azulmarino-1,pantalon-cargo-bolt-hombre.jpg,pantalon-cargo.jpg,"Pantalón de trabajo tipo cargo, diseñado para brindar resistencia, comodidad y funcionalidad. Cuenta con bolsillos laterales amplios con tapa y cierre de velcro, pinzas de entalle y bolsillos traseros con doble vivo. Incluye refuerzo en la entrepierna para mayor durabilidad y elástico en la cintura que mejora el ajuste. La cintura con pasacintos permite el uso de cinturón. Confeccionado en gabardina 8 oz, una tela firme, respirable y de gran desempeño. Con doble costura reforzadas ideales para uso laboral o urbano con estilo.",GABARDINA CAMPUS 8 OZ 100% ALGODÓN
L-WW-PAN-CBO31,Cargo Bolt Hombre Azul Marino 52,PRODUCTO WORKWEAR,PANTALON,ECOMMERCE,16,"$58,650.00","$49,852.50","$48,471.07","$19,550.00",pantalon-cargo-bolt-hombre/pantalon-cargo-bolt-hombre-azulmarino-1,pantalon-cargo-bolt-hombre.jpg,pantalon-cargo.jpg,"Pantalón de trabajo tipo cargo, diseñado para brindar resistencia, comodidad y funcionalidad. Cuenta con bolsillos laterales amplios con tapa y cierre de velcro, pinzas de entalle y bolsillos traseros con doble vivo. Incluye refuerzo en la entrepierna para mayor durabilidad y elástico en la cintura que mejora el ajuste. La cintura con pasacintos permite el uso de cinturón. Confeccionado en gabardina 8 oz, una tela firme, respirable y de gran desempeño. Con doble costura reforzadas ideales para uso laboral o urbano con estilo.",GABARDINA CAMPUS 8 OZ 100% ALGODÓN
L-WW-PAN-CBO13,Cargo Bolt Hombre Gris Topo 38,PRODUCTO WORKWEAR,PANTALON,ECOMMERCE,13,"$58,650.00","$49,852.50","$48,471.07","$19,550.00",pantalon-cargo-bolt-hombre/pantalon-cargo-bolt-hombre-gristopo-1,pantalon-cargo-bolt-hombre.jpg,pantalon-cargo.jpg,"Pantalón de trabajo tipo cargo, diseñado para brindar resistencia, comodidad y funcionalidad. Cuenta con bolsillos laterales amplios con tapa y cierre de velcro, pinzas de entalle y bolsillos traseros con doble vivo. Incluye refuerzo en la entrepierna para mayor durabilidad y elástico en la cintura que mejora el ajuste. La cintura con pasacintos permite el uso de cinturón. Confeccionado en gabardina 8 oz, una tela firme, respirable y de gran desempeño. Con doble costura reforzadas ideales para uso laboral o urbano con estilo.",GABARDINA CAMPUS 8 OZ 100% ALGODÓN
L-WW-PAN-CBO14,Cargo Bolt Hombre Gris Topo 40,PRODUCTO WORKWEAR,PANTALON,ECOMMERCE,16,"$58,650.00","$49,852.50","$48,471.07","$19,550.00",pantalon-cargo-bolt-hombre/pantalon-cargo-bolt-hombre-gristopo-1,pantalon-cargo-bolt-hombre.jpg,pantalon-cargo.jpg,"Pantalón de trabajo tipo cargo, diseñado para brindar resistencia, comodidad y funcionalidad. Cuenta con bolsillos laterales amplios con tapa y cierre de velcro, pinzas de entalle y bolsillos traseros con doble vivo. Incluye refuerzo en la entrepierna para mayor durabilidad y elástico en la cintura que mejora el ajuste. La cintura con pasacintos permite el uso de cinturón. Confeccionado en gabardina 8 oz, una tela firme, respirable y de gran desempeño. Con doble costura reforzadas ideales para uso laboral o urbano con estilo.",GABARDINA CAMPUS 8 OZ 100% ALGODÓN
L-WW-PAN-CBO15,Cargo Bolt Hombre Gris Topo 42,PRODUCTO WORKWEAR,PANTALON,ECOMMERCE,35,"$58,650.00","$49,852.50","$48,471.07","$19,550.00",pantalon-cargo-bolt-hombre/pantalon-cargo-bolt-hombre-gristopo-1,pantalon-cargo-bolt-hombre.jpg,pantalon-cargo.jpg,"Pantalón de trabajo tipo cargo, diseñado para brindar resistencia, comodidad y funcionalidad. Cuenta con bolsillos laterales amplios con tapa y cierre de velcro, pinzas de entalle y bolsillos traseros con doble vivo. Incluye refuerzo en la entrepierna para mayor durabilidad y elástico en la cintura que mejora el ajuste. La cintura con pasacintos permite el uso de cinturón. Confeccionado en gabardina 8 oz, una tela firme, respirable y de gran desempeño. Con doble costura reforzadas ideales para uso laboral o urbano con estilo.",GABARDINA CAMPUS 8 OZ 100% ALGODÓN
L-WW-PAN-CBO16,Cargo Bolt Hombre Gris Topo 44,PRODUCTO WORKWEAR,PANTALON,ECOMMERCE,38,"$58,650.00","$49,852.50","$48,471.07","$19,550.00",pantalon-cargo-bolt-hombre/pantalon-cargo-bolt-hombre-gristopo-1,pantalon-cargo-bolt-hombre.jpg,pantalon-cargo.jpg,"Pantalón de trabajo tipo cargo, diseñado para brindar resistencia, comodidad y funcionalidad. Cuenta con bolsillos laterales amplios con tapa y cierre de velcro, pinzas de entalle y bolsillos traseros con doble vivo. Incluye refuerzo en la entrepierna para mayor durabilidad y elástico en la cintura que mejora el ajuste. La cintura con pasacintos permite el uso de cinturón. Confeccionado en gabardina 8 oz, una tela firme, respirable y de gran desempeño. Con doble costura reforzadas ideales para uso laboral o urbano con estilo.",GABARDINA CAMPUS 8 OZ 100% ALGODÓN
L-WW-PAN-CBO17,Cargo Bolt Hombre Gris Topo 46,PRODUCTO WORKWEAR,PANTALON,ECOMMERCE,27,"$58,650.00","$49,852.50","$48,471.07","$19,550.00",pantalon-cargo-bolt-hombre/pantalon-cargo-bolt-hombre-gristopo-1,pantalon-cargo-bolt-hombre.jpg,pantalon-cargo.jpg,"Pantalón de trabajo tipo cargo, diseñado para brindar resistencia, comodidad y funcionalidad. Cuenta con bolsillos laterales amplios con tapa y cierre de velcro, pinzas de entalle y bolsillos traseros con doble vivo. Incluye refuerzo en la entrepierna para mayor durabilidad y elástico en la cintura que mejora el ajuste. La cintura con pasacintos permite el uso de cinturón. Confeccionado en gabardina 8 oz, una tela firme, respirable y de gran desempeño. Con doble costura reforzadas ideales para uso laboral o urbano con estilo.",GABARDINA CAMPUS 8 OZ 100% ALGODÓN
L-WW-PAN-CBO18,Cargo Bolt Hombre Gris Topo 48,PRODUCTO WORKWEAR,PANTALON,ECOMMERCE,23,"$58,650.00","$49,852.50","$48,471.07","$19,550.00",pantalon-cargo-bolt-hombre/pantalon-cargo-bolt-hombre-gristopo-1,pantalon-cargo-bolt-hombre.jpg,pantalon-cargo.jpg,"Pantalón de trabajo tipo cargo, diseñado para brindar resistencia, comodidad y funcionalidad. Cuenta con bolsillos laterales amplios con tapa y cierre de velcro, pinzas de entalle y bolsillos traseros con doble vivo. Incluye refuerzo en la entrepierna para mayor durabilidad y elástico en la cintura que mejora el ajuste. La cintura con pasacintos permite el uso de cinturón. Confeccionado en gabardina 8 oz, una tela firme, respirable y de gran desempeño. Con doble costura reforzadas ideales para uso laboral o urbano con estilo.",GABARDINA CAMPUS 8 OZ 100% ALGODÓN
L-WW-PAN-CBO19,Cargo Bolt Hombre Gris Topo 50,PRODUCTO WORKWEAR,PANTALON,ECOMMERCE,19,"$58,650.00","$49,852.50","$48,471.07","$19,550.00",pantalon-cargo-bolt-hombre/pantalon-cargo-bolt-hombre-gristopo-1,pantalon-cargo-bolt-hombre.jpg,pantalon-cargo.jpg,"Pantalón de trabajo tipo cargo, diseñado para brindar resistencia, comodidad y funcionalidad. Cuenta con bolsillos laterales amplios con tapa y cierre de velcro, pinzas de entalle y bolsillos traseros con doble vivo. Incluye refuerzo en la entrepierna para mayor durabilidad y elástico en la cintura que mejora el ajuste. La cintura con pasacintos permite el uso de cinturón. Confeccionado en gabardina 8 oz, una tela firme, respirable y de gran desempeño. Con doble costura reforzadas ideales para uso laboral o urbano con estilo.",GABARDINA CAMPUS 8 OZ 100% ALGODÓN
L-WW-PAN-CBO20,Cargo Bolt Hombre Gris Topo 52,PRODUCTO WORKWEAR,PANTALON,ECOMMERCE,15,"$58,650.00","$49,852.50","$48,471.07","$19,550.00",pantalon-cargo-bolt-hombre/pantalon-cargo-bolt-hombre-gristopo-1,pantalon-cargo-bolt-hombre.jpg,pantalon-cargo.jpg,"Pantalón de trabajo tipo cargo, diseñado para brindar resistencia, comodidad y funcionalidad. Cuenta con bolsillos laterales amplios con tapa y cierre de velcro, pinzas de entalle y bolsillos traseros con doble vivo. Incluye refuerzo en la entrepierna para mayor durabilidad y elástico en la cintura que mejora el ajuste. La cintura con pasacintos permite el uso de cinturón. Confeccionado en gabardina 8 oz, una tela firme, respirable y de gran desempeño. Con doble costura reforzadas ideales para uso laboral o urbano con estilo.",GABARDINA CAMPUS 8 OZ 100% ALGODÓN
L-WW-PAN-CBO35,Cargo Bolt Hombre Negro 38,PRODUCTO WORKWEAR,PANTALON,ECOMMERCE,8,"$58,650.00","$49,852.50","$48,471.07","$19,550.00",pantalon-cargo-bolt-hombre/pantalon-cargo-bolt-hombre-negro-1,pantalon-cargo-bolt-hombre.jpg,pantalon-cargo.jpg,"Pantalón de trabajo tipo cargo, diseñado para brindar resistencia, comodidad y funcionalidad. Cuenta con bolsillos laterales amplios con tapa y cierre de velcro, pinzas de entalle y bolsillos traseros con doble vivo. Incluye refuerzo en la entrepierna para mayor durabilidad y elástico en la cintura que mejora el ajuste. La cintura con pasacintos permite el uso de cinturón. Confeccionado en gabardina 8 oz, una tela firme, respirable y de gran desempeño. Con doble costura reforzadas ideales para uso laboral o urbano con estilo.",GABARDINA CAMPUS 8 OZ 100% ALGODÓN
L-WW-PAN-CBO36,Cargo Bolt Hombre Negro 40,PRODUCTO WORKWEAR,PANTALON,ECOMMERCE,10,"$58,650.00","$49,852.50","$48,471.07","$19,550.00",pantalon-cargo-bolt-hombre/pantalon-cargo-bolt-hombre-negro-1,pantalon-cargo-bolt-hombre.jpg,pantalon-cargo.jpg,"Pantalón de trabajo tipo cargo, diseñado para brindar resistencia, comodidad y funcionalidad. Cuenta con bolsillos laterales amplios con tapa y cierre de velcro, pinzas de entalle y bolsillos traseros con doble vivo. Incluye refuerzo en la entrepierna para mayor durabilidad y elástico en la cintura que mejora el ajuste. La cintura con pasacintos permite el uso de cinturón. Confeccionado en gabardina 8 oz, una tela firme, respirable y de gran desempeño. Con doble costura reforzadas ideales para uso laboral o urbano con estilo.",GABARDINA CAMPUS 8 OZ 100% ALGODÓN
L-WW-PAN-CBO37,Cargo Bolt Hombre Negro 42,PRODUCTO WORKWEAR,PANTALON,ECOMMERCE,17,"$58,650.00","$49,852.50","$48,471.07","$19,550.00",pantalon-cargo-bolt-hombre/pantalon-cargo-bolt-hombre-negro-1,pantalon-cargo-bolt-hombre.jpg,pantalon-cargo.jpg,"Pantalón de trabajo tipo cargo, diseñado para brindar resistencia, comodidad y funcionalidad. Cuenta con bolsillos laterales amplios con tapa y cierre de velcro, pinzas de entalle y bolsillos traseros con doble vivo. Incluye refuerzo en la entrepierna para mayor durabilidad y elástico en la cintura que mejora el ajuste. La cintura con pasacintos permite el uso de cinturón. Confeccionado en gabardina 8 oz, una tela firme, respirable y de gran desempeño. Con doble costura reforzadas ideales para uso laboral o urbano con estilo.",GABARDINA CAMPUS 8 OZ 100% ALGODÓN
L-WW-PAN-CBO38,Cargo Bolt Hombre Negro 44,PRODUCTO WORKWEAR,PANTALON,ECOMMERCE,19,"$58,650.00","$49,852.50","$48,471.07","$19,550.00",pantalon-cargo-bolt-hombre/pantalon-cargo-bolt-hombre-negro-1,pantalon-cargo-bolt-hombre.jpg,pantalon-cargo.jpg,"Pantalón de trabajo tipo cargo, diseñado para brindar resistencia, comodidad y funcionalidad. Cuenta con bolsillos laterales amplios con tapa y cierre de velcro, pinzas de entalle y bolsillos traseros con doble vivo. Incluye refuerzo en la entrepierna para mayor durabilidad y elástico en la cintura que mejora el ajuste. La cintura con pasacintos permite el uso de cinturón. Confeccionado en gabardina 8 oz, una tela firme, respirable y de gran desempeño. Con doble costura reforzadas ideales para uso laboral o urbano con estilo.",GABARDINA CAMPUS 8 OZ 100% ALGODÓN
L-WW-PAN-CBO39,Cargo Bolt Hombre Negro 46,PRODUCTO WORKWEAR,PANTALON,ECOMMERCE,15,"$58,650.00","$49,852.50","$48,471.07","$19,550.00",pantalon-cargo-bolt-hombre/pantalon-cargo-bolt-hombre-negro-1,pantalon-cargo-bolt-hombre.jpg,pantalon-cargo.jpg,"Pantalón de trabajo tipo cargo, diseñado para brindar resistencia, comodidad y funcionalidad. Cuenta con bolsillos laterales amplios con tapa y cierre de velcro, pinzas de entalle y bolsillos traseros con doble vivo. Incluye refuerzo en la entrepierna para mayor durabilidad y elástico en la cintura que mejora el ajuste. La cintura con pasacintos permite el uso de cinturón. Confeccionado en gabardina 8 oz, una tela firme, respirable y de gran desempeño. Con doble costura reforzadas ideales para uso laboral o urbano con estilo.",GABARDINA CAMPUS 8 OZ 100% ALGODÓN
L-WW-PAN-CBO40,Cargo Bolt Hombre Negro 48,PRODUCTO WORKWEAR,PANTALON,ECOMMERCE,15,"$58,650.00","$49,852.50","$48,471.07","$19,550.00",pantalon-cargo-bolt-hombre/pantalon-cargo-bolt-hombre-negro-1,pantalon-cargo-bolt-hombre.jpg,pantalon-cargo.jpg,"Pantalón de trabajo tipo cargo, diseñado para brindar resistencia, comodidad y funcionalidad. Cuenta con bolsillos laterales amplios con tapa y cierre de velcro, pinzas de entalle y bolsillos traseros con doble vivo. Incluye refuerzo en la entrepierna para mayor durabilidad y elástico en la cintura que mejora el ajuste. La cintura con pasacintos permite el uso de cinturón. Confeccionado en gabardina 8 oz, una tela firme, respirable y de gran desempeño. Con doble costura reforzadas ideales para uso laboral o urbano con estilo.",GABARDINA CAMPUS 8 OZ 100% ALGODÓN
L-WW-PAN-CBO41,Cargo Bolt Hombre Negro 50,PRODUCTO WORKWEAR,PANTALON,ECOMMERCE,10,"$58,650.00","$49,852.50","$48,471.07","$19,550.00",pantalon-cargo-bolt-hombre/pantalon-cargo-bolt-hombre-negro-1,pantalon-cargo-bolt-hombre.jpg,pantalon-cargo.jpg,"Pantalón de trabajo tipo cargo, diseñado para brindar resistencia, comodidad y funcionalidad. Cuenta con bolsillos laterales amplios con tapa y cierre de velcro, pinzas de entalle y bolsillos traseros con doble vivo. Incluye refuerzo en la entrepierna para mayor durabilidad y elástico en la cintura que mejora el ajuste. La cintura con pasacintos permite el uso de cinturón. Confeccionado en gabardina 8 oz, una tela firme, respirable y de gran desempeño. Con doble costura reforzadas ideales para uso laboral o urbano con estilo.",GABARDINA CAMPUS 8 OZ 100% ALGODÓN
L-WW-PAN-CBO42,Cargo Bolt Hombre Negro 52,PRODUCTO WORKWEAR,PANTALON,ECOMMERCE,8,"$58,650.00","$49,852.50","$48,471.07","$19,550.00",pantalon-cargo-bolt-hombre/pantalon-cargo-bolt-hombre-negro-1,pantalon-cargo-bolt-hombre.jpg,pantalon-cargo.jpg,"Pantalón de trabajo tipo cargo, diseñado para brindar resistencia, comodidad y funcionalidad. Cuenta con bolsillos laterales amplios con tapa y cierre de velcro, pinzas de entalle y bolsillos traseros con doble vivo. Incluye refuerzo en la entrepierna para mayor durabilidad y elástico en la cintura que mejora el ajuste. La cintura con pasacintos permite el uso de cinturón. Confeccionado en gabardina 8 oz, una tela firme, respirable y de gran desempeño. Con doble costura reforzadas ideales para uso laboral o urbano con estilo.",GABARDINA CAMPUS 8 OZ 100% ALGODÓN
L-WW-PAN-CIMP29,Cargo Impacted Unisex Azul Marino 2XL,PRODUCTO WORKWEAR,PANTALON,ECOMMERCE,12,"$65,990.00","$56,091.50","$54,537.19","$21,996.67",pantalon-cargo-impacted-unisex/pantalon-cargo-impacted-unisex-azulmarino-1,pantalon-cargo-impacted-unisex.jpg,pantalon-cargo.jpg,"Pantalón tipo cargo unisex, diseñado para ofrecer comodidad, resistencia y estilo funcional. Cuenta con 2 bolsillos aplicados con tapa fija en laterales y 2 en trasero, elástico en la cintura con cordón interno para un mejor ajuste, y cañonera en costuras laterales y tiro que refuerza la estructura. Confeccionado en gabardina con spandex, brindando elasticidad, durabilidad y libertad de movimiento. Ideal para uniformes laborales o uso urbano con look moderno y práctico.",GABARDINA C/SPANDEX ATUEL - 98%ALGODÓN / 2% ELASTANO
L-WW-PAN-CIMP23,Cargo Impacted Unisex Azul Marino 2XS,PRODUCTO WORKWEAR,PANTALON,ECOMMERCE,11,"$65,990.00","$56,091.50","$54,537.19","$21,996.67",pantalon-cargo-impacted-unisex/pantalon-cargo-impacted-unisex-azulmarino-1,pantalon-cargo-impacted-unisex.jpg,pantalon-cargo.jpg,"Pantalón tipo cargo unisex, diseñado para ofrecer comodidad, resistencia y estilo funcional. Cuenta con 2 bolsillos aplicados con tapa fija en laterales y 2 en trasero, elástico en la cintura con cordón interno para un mejor ajuste, y cañonera en costuras laterales y tiro que refuerza la estructura. Confeccionado en gabardina con spandex, brindando elasticidad, durabilidad y libertad de movimiento. Ideal para uniformes laborales o uso urbano con look moderno y práctico.",GABARDINA C/SPANDEX ATUEL - 98%ALGODÓN / 2% ELASTANO
L-WW-PAN-CIMP30,Cargo Impacted Unisex Azul Marino 3XL,PRODUCTO WORKWEAR,PANTALON,ECOMMERCE,12,"$65,990.00","$56,091.50","$54,537.19","$21,996.67",pantalon-cargo-impacted-unisex/pantalon-cargo-impacted-unisex-azulmarino-1,pantalon-cargo-impacted-unisex.jpg,pantalon-cargo.jpg,"Pantalón tipo cargo unisex, diseñado para ofrecer comodidad, resistencia y estilo funcional. Cuenta con 2 bolsillos aplicados con tapa fija en laterales y 2 en trasero, elástico en la cintura con cordón interno para un mejor ajuste, y cañonera en costuras laterales y tiro que refuerza la estructura. Confeccionado en gabardina con spandex, brindando elasticidad, durabilidad y libertad de movimiento. Ideal para uniformes laborales o uso urbano con look moderno y práctico.",GABARDINA C/SPANDEX ATUEL - 98%ALGODÓN / 2% ELASTANO
L-WW-PAN-CIMP27,Cargo Impacted Unisex Azul Marino L,PRODUCTO WORKWEAR,PANTALON,ECOMMERCE,12,"$65,990.00","$56,091.50","$54,537.19","$21,996.67",pantalon-cargo-impacted-unisex/pantalon-cargo-impacted-unisex-azulmarino-1,pantalon-cargo-impacted-unisex.jpg,pantalon-cargo.jpg,"Pantalón tipo cargo unisex, diseñado para ofrecer comodidad, resistencia y estilo funcional. Cuenta con 2 bolsillos aplicados con tapa fija en laterales y 2 en trasero, elástico en la cintura con cordón interno para un mejor ajuste, y cañonera en costuras laterales y tiro que refuerza la estructura. Confeccionado en gabardina con spandex, brindando elasticidad, durabilidad y libertad de movimiento. Ideal para uniformes laborales o uso urbano con look moderno y práctico.",GABARDINA C/SPANDEX ATUEL - 98%ALGODÓN / 2% ELASTANO
L-WW-PAN-CIMP26,Cargo Impacted Unisex Azul Marino M,PRODUCTO WORKWEAR,PANTALON,ECOMMERCE,11,"$65,990.00","$56,091.50","$54,537.19","$21,996.67",pantalon-cargo-impacted-unisex/pantalon-cargo-impacted-unisex-azulmarino-1,pantalon-cargo-impacted-unisex.jpg,pantalon-cargo.jpg,"Pantalón tipo cargo unisex, diseñado para ofrecer comodidad, resistencia y estilo funcional. Cuenta con 2 bolsillos aplicados con tapa fija en laterales y 2 en trasero, elástico en la cintura con cordón interno para un mejor ajuste, y cañonera en costuras laterales y tiro que refuerza la estructura. Confeccionado en gabardina con spandex, brindando elasticidad, durabilidad y libertad de movimiento. Ideal para uniformes laborales o uso urbano con look moderno y práctico.",GABARDINA C/SPANDEX ATUEL - 98%ALGODÓN / 2% ELASTANO
L-WW-PAN-CIMP25,Cargo Impacted Unisex Azul Marino S,PRODUCTO WORKWEAR,PANTALON,ECOMMERCE,10,"$65,990.00","$56,091.50","$54,537.19","$21,996.67",pantalon-cargo-impacted-unisex/pantalon-cargo-impacted-unisex-azulmarino-1,pantalon-cargo-impacted-unisex.jpg,pantalon-cargo.jpg,"Pantalón tipo cargo unisex, diseñado para ofrecer comodidad, resistencia y estilo funcional. Cuenta con 2 bolsillos aplicados con tapa fija en laterales y 2 en trasero, elástico en la cintura con cordón interno para un mejor ajuste, y cañonera en costuras laterales y tiro que refuerza la estructura. Confeccionado en gabardina con spandex, brindando elasticidad, durabilidad y libertad de movimiento. Ideal para uniformes laborales o uso urbano con look moderno y práctico.",GABARDINA C/SPANDEX ATUEL - 98%ALGODÓN / 2% ELASTANO
L-WW-PAN-CIMP28,Cargo Impacted Unisex Azul Marino XL,PRODUCTO WORKWEAR,PANTALON,ECOMMERCE,12,"$65,990.00","$56,091.50","$54,537.19","$21,996.67",pantalon-cargo-impacted-unisex/pantalon-cargo-impacted-unisex-azulmarino-1,pantalon-cargo-impacted-unisex.jpg,pantalon-cargo.jpg,"Pantalón tipo cargo unisex, diseñado para ofrecer comodidad, resistencia y estilo funcional. Cuenta con 2 bolsillos aplicados con tapa fija en laterales y 2 en trasero, elástico en la cintura con cordón interno para un mejor ajuste, y cañonera en costuras laterales y tiro que refuerza la estructura. Confeccionado en gabardina con spandex, brindando elasticidad, durabilidad y libertad de movimiento. Ideal para uniformes laborales o uso urbano con look moderno y práctico.",GABARDINA C/SPANDEX ATUEL - 98%ALGODÓN / 2% ELASTANO
L-WW-PAN-CIMP24,Cargo Impacted Unisex Azul Marino XS,PRODUCTO WORKWEAR,PANTALON,ECOMMERCE,12,"$65,990.00","$56,091.50","$54,537.19","$21,996.67",pantalon-cargo-impacted-unisex/pantalon-cargo-impacted-unisex-azulmarino-1,pantalon-cargo-impacted-unisex.jpg,pantalon-cargo.jpg,"Pantalón tipo cargo unisex, diseñado para ofrecer comodidad, resistencia y estilo funcional. Cuenta con 2 bolsillos aplicados con tapa fija en laterales y 2 en trasero, elástico en la cintura con cordón interno para un mejor ajuste, y cañonera en costuras laterales y tiro que refuerza la estructura. Confeccionado en gabardina con spandex, brindando elasticidad, durabilidad y libertad de movimiento. Ideal para uniformes laborales o uso urbano con look moderno y práctico.",GABARDINA C/SPANDEX ATUEL - 98%ALGODÓN / 2% ELASTANO
L-WW-PAN-CIMP7,Cargo Impacted Unisex Cemento 2XL,PRODUCTO WORKWEAR,PANTALON,ECOMMERCE,5,"$65,990.00","$56,091.50","$54,537.19","$21,996.67",pantalon-cargo-impacted-unisex/pantalon-cargo-impacted-unisex-cemento-1,pantalon-cargo-impacted-unisex.jpg,pantalon-cargo.jpg,"Pantalón tipo cargo unisex, diseñado para ofrecer comodidad, resistencia y estilo funcional. Cuenta con 2 bolsillos aplicados con tapa fija en laterales y 2 en trasero, elástico en la cintura con cordón interno para un mejor ajuste, y cañonera en costuras laterales y tiro que refuerza la estructura. Confeccionado en gabardina con spandex, brindando elasticidad, durabilidad y libertad de movimiento. Ideal para uniformes laborales o uso urbano con look moderno y práctico.",GABARDINA C/SPANDEX ATUEL - 98%ALGODÓN / 2% ELASTANO
L-WW-PAN-CIMP1,Cargo Impacted Unisex Cemento 2XS,PRODUCTO WORKWEAR,PANTALON,ECOMMERCE,5,"$65,990.00","$56,091.50","$54,537.19","$21,996.67",pantalon-cargo-impacted-unisex/pantalon-cargo-impacted-unisex-cemento-1,pantalon-cargo-impacted-unisex.jpg,pantalon-cargo.jpg,"Pantalón tipo cargo unisex, diseñado para ofrecer comodidad, resistencia y estilo funcional. Cuenta con 2 bolsillos aplicados con tapa fija en laterales y 2 en trasero, elástico en la cintura con cordón interno para un mejor ajuste, y cañonera en costuras laterales y tiro que refuerza la estructura. Confeccionado en gabardina con spandex, brindando elasticidad, durabilidad y libertad de movimiento. Ideal para uniformes laborales o uso urbano con look moderno y práctico.",GABARDINA C/SPANDEX ATUEL - 98%ALGODÓN / 2% ELASTANO
L-WW-PAN-CIMP8,Cargo Impacted Unisex Cemento 3XL,PRODUCTO WORKWEAR,PANTALON,ECOMMERCE,5,"$65,990.00","$56,091.50","$54,537.19","$21,996.67",pantalon-cargo-impacted-unisex/pantalon-cargo-impacted-unisex-cemento-1,pantalon-cargo-impacted-unisex.jpg,pantalon-cargo.jpg,"Pantalón tipo cargo unisex, diseñado para ofrecer comodidad, resistencia y estilo funcional. Cuenta con 2 bolsillos aplicados con tapa fija en laterales y 2 en trasero, elástico en la cintura con cordón interno para un mejor ajuste, y cañonera en costuras laterales y tiro que refuerza la estructura. Confeccionado en gabardina con spandex, brindando elasticidad, durabilidad y libertad de movimiento. Ideal para uniformes laborales o uso urbano con look moderno y práctico.",GABARDINA C/SPANDEX ATUEL - 98%ALGODÓN / 2% ELASTANO
L-WW-PAN-CIMP5,Cargo Impacted Unisex Cemento L,PRODUCTO WORKWEAR,PANTALON,ECOMMERCE,4,"$65,990.00","$56,091.50","$54,537.19","$21,996.67",pantalon-cargo-impacted-unisex/pantalon-cargo-impacted-unisex-cemento-1,pantalon-cargo-impacted-unisex.jpg,pantalon-cargo.jpg,"Pantalón tipo cargo unisex, diseñado para ofrecer comodidad, resistencia y estilo funcional. Cuenta con 2 bolsillos aplicados con tapa fija en laterales y 2 en trasero, elástico en la cintura con cordón interno para un mejor ajuste, y cañonera en costuras laterales y tiro que refuerza la estructura. Confeccionado en gabardina con spandex, brindando elasticidad, durabilidad y libertad de movimiento. Ideal para uniformes laborales o uso urbano con look moderno y práctico.",GABARDINA C/SPANDEX ATUEL - 98%ALGODÓN / 2% ELASTANO
L-WW-PAN-CIMP4,Cargo Impacted Unisex Cemento M,PRODUCTO WORKWEAR,PANTALON,ECOMMERCE,5,"$65,990.00","$56,091.50","$54,537.19","$21,996.67",pantalon-cargo-impacted-unisex/pantalon-cargo-impacted-unisex-cemento-1,pantalon-cargo-impacted-unisex.jpg,pantalon-cargo.jpg,"Pantalón tipo cargo unisex, diseñado para ofrecer comodidad, resistencia y estilo funcional. Cuenta con 2 bolsillos aplicados con tapa fija en laterales y 2 en trasero, elástico en la cintura con cordón interno para un mejor ajuste, y cañonera en costuras laterales y tiro que refuerza la estructura. Confeccionado en gabardina con spandex, brindando elasticidad, durabilidad y libertad de movimiento. Ideal para uniformes laborales o uso urbano con look moderno y práctico.",GABARDINA C/SPANDEX ATUEL - 98%ALGODÓN / 2% ELASTANO
L-WW-PAN-CIMP3,Cargo Impacted Unisex Cemento S,PRODUCTO WORKWEAR,PANTALON,ECOMMERCE,5,"$65,990.00","$56,091.50","$54,537.19","$21,996.67",pantalon-cargo-impacted-unisex/pantalon-cargo-impacted-unisex-cemento-1,pantalon-cargo-impacted-unisex.jpg,pantalon-cargo.jpg,"Pantalón tipo cargo unisex, diseñado para ofrecer comodidad, resistencia y estilo funcional. Cuenta con 2 bolsillos aplicados con tapa fija en laterales y 2 en trasero, elástico en la cintura con cordón interno para un mejor ajuste, y cañonera en costuras laterales y tiro que refuerza la estructura. Confeccionado en gabardina con spandex, brindando elasticidad, durabilidad y libertad de movimiento. Ideal para uniformes laborales o uso urbano con look moderno y práctico.",GABARDINA C/SPANDEX ATUEL - 98%ALGODÓN / 2% ELASTANO
L-WW-PAN-CIMP6,Cargo Impacted Unisex Cemento XL,PRODUCTO WORKWEAR,PANTALON,ECOMMERCE,5,"$65,990.00","$56,091.50","$54,537.19","$21,996.67",pantalon-cargo-impacted-unisex/pantalon-cargo-impacted-unisex-cemento-1,pantalon-cargo-impacted-unisex.jpg,pantalon-cargo.jpg,"Pantalón tipo cargo unisex, diseñado para ofrecer comodidad, resistencia y estilo funcional. Cuenta con 2 bolsillos aplicados con tapa fija en laterales y 2 en trasero, elástico en la cintura con cordón interno para un mejor ajuste, y cañonera en costuras laterales y tiro que refuerza la estructura. Confeccionado en gabardina con spandex, brindando elasticidad, durabilidad y libertad de movimiento. Ideal para uniformes laborales o uso urbano con look moderno y práctico.",GABARDINA C/SPANDEX ATUEL - 98%ALGODÓN / 2% ELASTANO
L-WW-PAN-CIMP2,Cargo Impacted Unisex Cemento XS,PRODUCTO WORKWEAR,PANTALON,ECOMMERCE,5,"$65,990.00","$56,091.50","$54,537.19","$21,996.67",pantalon-cargo-impacted-unisex/pantalon-cargo-impacted-unisex-cemento-1,pantalon-cargo-impacted-unisex.jpg,pantalon-cargo.jpg,"Pantalón tipo cargo unisex, diseñado para ofrecer comodidad, resistencia y estilo funcional. Cuenta con 2 bolsillos aplicados con tapa fija en laterales y 2 en trasero, elástico en la cintura con cordón interno para un mejor ajuste, y cañonera en costuras laterales y tiro que refuerza la estructura. Confeccionado en gabardina con spandex, brindando elasticidad, durabilidad y libertad de movimiento. Ideal para uniformes laborales o uso urbano con look moderno y práctico.",GABARDINA C/SPANDEX ATUEL - 98%ALGODÓN / 2% ELASTANO
L-WW-PAN-CIMP40,Cargo Impacted Unisex Negro 2XL,PRODUCTO WORKWEAR,PANTALON,ECOMMERCE,12,"$65,990.00","$56,091.50","$54,537.19","$21,996.67",pantalon-cargo-impacted-unisex/pantalon-cargo-impacted-unisex-negro-1,pantalon-cargo-impacted-unisex.jpg,pantalon-cargo.jpg,"Pantalón tipo cargo unisex, diseñado para ofrecer comodidad, resistencia y estilo funcional. Cuenta con 2 bolsillos aplicados con tapa fija en laterales y 2 en trasero, elástico en la cintura con cordón interno para un mejor ajuste, y cañonera en costuras laterales y tiro que refuerza la estructura. Confeccionado en gabardina con spandex, brindando elasticidad, durabilidad y libertad de movimiento. Ideal para uniformes laborales o uso urbano con look moderno y práctico.",GABARDINA C/SPANDEX ATUEL - 98%ALGODÓN / 2% ELASTANO
L-WW-PAN-CIMP34,Cargo Impacted Unisex Negro 2XS,PRODUCTO WORKWEAR,PANTALON,ECOMMERCE,12,"$65,990.00","$56,091.50","$54,537.19","$21,996.67",pantalon-cargo-impacted-unisex/pantalon-cargo-impacted-unisex-negro-1,pantalon-cargo-impacted-unisex.jpg,pantalon-cargo.jpg,"Pantalón tipo cargo unisex, diseñado para ofrecer comodidad, resistencia y estilo funcional. Cuenta con 2 bolsillos aplicados con tapa fija en laterales y 2 en trasero, elástico en la cintura con cordón interno para un mejor ajuste, y cañonera en costuras laterales y tiro que refuerza la estructura. Confeccionado en gabardina con spandex, brindando elasticidad, durabilidad y libertad de movimiento. Ideal para uniformes laborales o uso urbano con look moderno y práctico.",GABARDINA C/SPANDEX ATUEL - 98%ALGODÓN / 2% ELASTANO
L-WW-PAN-CIMP41,Cargo Impacted Unisex Negro 3XL,PRODUCTO WORKWEAR,PANTALON,ECOMMERCE,12,"$65,990.00","$56,091.50","$54,537.19","$21,996.67",pantalon-cargo-impacted-unisex/pantalon-cargo-impacted-unisex-negro-1,pantalon-cargo-impacted-unisex.jpg,pantalon-cargo.jpg,"Pantalón tipo cargo unisex, diseñado para ofrecer comodidad, resistencia y estilo funcional. Cuenta con 2 bolsillos aplicados con tapa fija en laterales y 2 en trasero, elástico en la cintura con cordón interno para un mejor ajuste, y cañonera en costuras laterales y tiro que refuerza la estructura. Confeccionado en gabardina con spandex, brindando elasticidad, durabilidad y libertad de movimiento. Ideal para uniformes laborales o uso urbano con look moderno y práctico.",GABARDINA C/SPANDEX ATUEL - 98%ALGODÓN / 2% ELASTANO
L-WW-PAN-CIMP38,Cargo Impacted Unisex Negro L,PRODUCTO WORKWEAR,PANTALON,ECOMMERCE,11,"$65,990.00","$56,091.50","$54,537.19","$21,996.67",pantalon-cargo-impacted-unisex/pantalon-cargo-impacted-unisex-negro-1,pantalon-cargo-impacted-unisex.jpg,pantalon-cargo.jpg,"Pantalón tipo cargo unisex, diseñado para ofrecer comodidad, resistencia y estilo funcional. Cuenta con 2 bolsillos aplicados con tapa fija en laterales y 2 en trasero, elástico en la cintura con cordón interno para un mejor ajuste, y cañonera en costuras laterales y tiro que refuerza la estructura. Confeccionado en gabardina con spandex, brindando elasticidad, durabilidad y libertad de movimiento. Ideal para uniformes laborales o uso urbano con look moderno y práctico.",GABARDINA C/SPANDEX ATUEL - 98%ALGODÓN / 2% ELASTANO
L-WW-PAN-CIMP37,Cargo Impacted Unisex Negro M,PRODUCTO WORKWEAR,PANTALON,ECOMMERCE,11,"$65,990.00","$56,091.50","$54,537.19","$21,996.67",pantalon-cargo-impacted-unisex/pantalon-cargo-impacted-unisex-negro-1,pantalon-cargo-impacted-unisex.jpg,pantalon-cargo.jpg,"Pantalón tipo cargo unisex, diseñado para ofrecer comodidad, resistencia y estilo funcional. Cuenta con 2 bolsillos aplicados con tapa fija en laterales y 2 en trasero, elástico en la cintura con cordón interno para un mejor ajuste, y cañonera en costuras laterales y tiro que refuerza la estructura. Confeccionado en gabardina con spandex, brindando elasticidad, durabilidad y libertad de movimiento. Ideal para uniformes laborales o uso urbano con look moderno y práctico.",GABARDINA C/SPANDEX ATUEL - 98%ALGODÓN / 2% ELASTANO
L-WW-PAN-CIMP36,Cargo Impacted Unisex Negro S,PRODUCTO WORKWEAR,PANTALON,ECOMMERCE,9,"$65,990.00","$56,091.50","$54,537.19","$21,996.67",pantalon-cargo-impacted-unisex/pantalon-cargo-impacted-unisex-negro-1,pantalon-cargo-impacted-unisex.jpg,pantalon-cargo.jpg,"Pantalón tipo cargo unisex, diseñado para ofrecer comodidad, resistencia y estilo funcional. Cuenta con 2 bolsillos aplicados con tapa fija en laterales y 2 en trasero, elástico en la cintura con cordón interno para un mejor ajuste, y cañonera en costuras laterales y tiro que refuerza la estructura. Confeccionado en gabardina con spandex, brindando elasticidad, durabilidad y libertad de movimiento. Ideal para uniformes laborales o uso urbano con look moderno y práctico.",GABARDINA C/SPANDEX ATUEL - 98%ALGODÓN / 2% ELASTANO
L-WW-PAN-CIMP39,Cargo Impacted Unisex Negro XL,PRODUCTO WORKWEAR,PANTALON,ECOMMERCE,10,"$65,990.00","$56,091.50","$54,537.19","$21,996.67",pantalon-cargo-impacted-unisex/pantalon-cargo-impacted-unisex-negro-1,pantalon-cargo-impacted-unisex.jpg,pantalon-cargo.jpg,"Pantalón tipo cargo unisex, diseñado para ofrecer comodidad, resistencia y estilo funcional. Cuenta con 2 bolsillos aplicados con tapa fija en laterales y 2 en trasero, elástico en la cintura con cordón interno para un mejor ajuste, y cañonera en costuras laterales y tiro que refuerza la estructura. Confeccionado en gabardina con spandex, brindando elasticidad, durabilidad y libertad de movimiento. Ideal para uniformes laborales o uso urbano con look moderno y práctico.",GABARDINA C/SPANDEX ATUEL - 98%ALGODÓN / 2% ELASTANO
L-WW-PAN-CIMP35,Cargo Impacted Unisex Negro XS,PRODUCTO WORKWEAR,PANTALON,ECOMMERCE,11,"$65,990.00","$56,091.50","$54,537.19","$21,996.67",pantalon-cargo-impacted-unisex/pantalon-cargo-impacted-unisex-negro-1,pantalon-cargo-impacted-unisex.jpg,pantalon-cargo.jpg,"Pantalón tipo cargo unisex, diseñado para ofrecer comodidad, resistencia y estilo funcional. Cuenta con 2 bolsillos aplicados con tapa fija en laterales y 2 en trasero, elástico en la cintura con cordón interno para un mejor ajuste, y cañonera en costuras laterales y tiro que refuerza la estructura. Confeccionado en gabardina con spandex, brindando elasticidad, durabilidad y libertad de movimiento. Ideal para uniformes laborales o uso urbano con look moderno y práctico.",GABARDINA C/SPANDEX ATUEL - 98%ALGODÓN / 2% ELASTANO
L-OF-PAN-CH-CF1,Chino Confort Fit DAMA AZUL 36,PRODUCTO OFFICE,PANTALON,ECOMMERCE,6,"$57,990.00","$49,291.50","$47,925.62","$19,330.00",pantalon-chino-confort-fit-dama/pantalon-chino-confort-fit-dama-azul-1,pantalon-chino-confort-fit-dama.jpg,pantalon-chino.jpg,"Pantalón corte chino regular tiro alto, con un diseño clásico y confortable ideal para uso laboral o urbano. Cuenta con bolsillos delanteros funcionales y falso bolsillo ojal en la parte trasera, con avíos y forrería a tono que aportan una terminación prolija. Confeccionado en gabardina con spandex, que brinda elasticidad, durabilidad y un calce cómodo durante todo el día. Una prenda versátil y elegante, perfecta para uniformes o looks casuales.",COMANECCI -GABARDINA C/SPANDEX 98% ALGODÓN 2%SPANDEX
L-OF-PAN-CH - CF2,Chino Confort Fit DAMA AZUL 38,PRODUCTO OFFICE,PANTALON,ECOMMERCE,9,"$57,990.00","$49,291.50","$47,925.62","$19,330.00",pantalon-chino-confort-fit-dama/pantalon-chino-confort-fit-dama-azul-1,pantalon-chino-confort-fit-dama.jpg,pantalon-chino.jpg,"Pantalón corte chino regular tiro alto, con un diseño clásico y confortable ideal para uso laboral o urbano. Cuenta con bolsillos delanteros funcionales y falso bolsillo ojal en la parte trasera, con avíos y forrería a tono que aportan una terminación prolija. Confeccionado en gabardina con spandex, que brinda elasticidad, durabilidad y un calce cómodo durante todo el día. Una prenda versátil y elegante, perfecta para uniformes o looks casuales.",COMANECCI -GABARDINA C/SPANDEX 98% ALGODÓN 2%SPANDEX
L-OF-PAN-CH - CF3,Chino Confort Fit DAMA AZUL 40,PRODUCTO OFFICE,PANTALON,ECOMMERCE,20,"$57,990.00","$49,291.50","$47,925.62","$19,330.00",pantalon-chino-confort-fit-dama/pantalon-chino-confort-fit-dama-azul-1,pantalon-chino-confort-fit-dama.jpg,pantalon-chino.jpg,"Pantalón corte chino regular tiro alto, con un diseño clásico y confortable ideal para uso laboral o urbano. Cuenta con bolsillos delanteros funcionales y falso bolsillo ojal en la parte trasera, con avíos y forrería a tono que aportan una terminación prolija. Confeccionado en gabardina con spandex, que brinda elasticidad, durabilidad y un calce cómodo durante todo el día. Una prenda versátil y elegante, perfecta para uniformes o looks casuales.",COMANECCI -GABARDINA C/SPANDEX 98% ALGODÓN 2%SPANDEX
L-OF-PAN-CH - CF4,Chino Confort Fit DAMA AZUL 42,PRODUCTO OFFICE,PANTALON,ECOMMERCE,20,"$57,990.00","$49,291.50","$47,925.62","$19,330.00",pantalon-chino-confort-fit-dama/pantalon-chino-confort-fit-dama-azul-1,pantalon-chino-confort-fit-dama.jpg,pantalon-chino.jpg,"Pantalón corte chino regular tiro alto, con un diseño clásico y confortable ideal para uso laboral o urbano. Cuenta con bolsillos delanteros funcionales y falso bolsillo ojal en la parte trasera, con avíos y forrería a tono que aportan una terminación prolija. Confeccionado en gabardina con spandex, que brinda elasticidad, durabilidad y un calce cómodo durante todo el día. Una prenda versátil y elegante, perfecta para uniformes o looks casuales.",COMANECCI -GABARDINA C/SPANDEX 98% ALGODÓN 2%SPANDEX
L-OF-PAN-CH - CF5,Chino Confort Fit DAMA AZUL 44,PRODUCTO OFFICE,PANTALON,ECOMMERCE,20,"$57,990.00","$49,291.50","$47,925.62","$19,330.00",pantalon-chino-confort-fit-dama/pantalon-chino-confort-fit-dama-azul-1,pantalon-chino-confort-fit-dama.jpg,pantalon-chino.jpg,"Pantalón corte chino regular tiro alto, con un diseño clásico y confortable ideal para uso laboral o urbano. Cuenta con bolsillos delanteros funcionales y falso bolsillo ojal en la parte trasera, con avíos y forrería a tono que aportan una terminación prolija. Confeccionado en gabardina con spandex, que brinda elasticidad, durabilidad y un calce cómodo durante todo el día. Una prenda versátil y elegante, perfecta para uniformes o looks casuales.",COMANECCI -GABARDINA C/SPANDEX 98% ALGODÓN 2%SPANDEX
L-OF-PAN-CH - CF6,Chino Confort Fit DAMA AZUL 46,PRODUCTO OFFICE,PANTALON,ECOMMERCE,20,"$57,990.00","$49,291.50","$47,925.62","$19,330.00",pantalon-chino-confort-fit-dama/pantalon-chino-confort-fit-dama-azul-1,pantalon-chino-confort-fit-dama.jpg,pantalon-chino.jpg,"Pantalón corte chino regular tiro alto, con un diseño clásico y confortable ideal para uso laboral o urbano. Cuenta con bolsillos delanteros funcionales y falso bolsillo ojal en la parte trasera, con avíos y forrería a tono que aportan una terminación prolija. Confeccionado en gabardina con spandex, que brinda elasticidad, durabilidad y un calce cómodo durante todo el día. Una prenda versátil y elegante, perfecta para uniformes o looks casuales.",COMANECCI -GABARDINA C/SPANDEX 98% ALGODÓN 2%SPANDEX
L-OF-PAN-CH - CF7,Chino Confort Fit DAMA AZUL 48,PRODUCTO OFFICE,PANTALON,ECOMMERCE,10,"$57,990.00","$49,291.50","$47,925.62","$19,330.00",pantalon-chino-confort-fit-dama/pantalon-chino-confort-fit-dama-azul-1,pantalon-chino-confort-fit-dama.jpg,pantalon-chino.jpg,"Pantalón corte chino regular tiro alto, con un diseño clásico y confortable ideal para uso laboral o urbano. Cuenta con bolsillos delanteros funcionales y falso bolsillo ojal en la parte trasera, con avíos y forrería a tono que aportan una terminación prolija. Confeccionado en gabardina con spandex, que brinda elasticidad, durabilidad y un calce cómodo durante todo el día. Una prenda versátil y elegante, perfecta para uniformes o looks casuales.",COMANECCI -GABARDINA C/SPANDEX 98% ALGODÓN 2%SPANDEX
L-OF-PAN-CH - CF8,Chino Confort Fit DAMA AZUL 50,PRODUCTO OFFICE,PANTALON,ECOMMERCE,8,"$57,990.00","$49,291.50","$47,925.62","$19,330.00",pantalon-chino-confort-fit-dama/pantalon-chino-confort-fit-dama-azul-1,pantalon-chino-confort-fit-dama.jpg,pantalon-chino.jpg,"Pantalón corte chino regular tiro alto, con un diseño clásico y confortable ideal para uso laboral o urbano. Cuenta con bolsillos delanteros funcionales y falso bolsillo ojal en la parte trasera, con avíos y forrería a tono que aportan una terminación prolija. Confeccionado en gabardina con spandex, que brinda elasticidad, durabilidad y un calce cómodo durante todo el día. Una prenda versátil y elegante, perfecta para uniformes o looks casuales.",COMANECCI -GABARDINA C/SPANDEX 98% ALGODÓN 2%SPANDEX
L-OF-PAN-CH - CF9,Chino Confort Fit DAMA NEGRO 36,PRODUCTO OFFICE,PANTALON,ECOMMERCE,8,"$57,990.00","$49,291.50","$47,925.62","$19,330.00",pantalon-chino-confort-fit-dama/pantalon-chino-confort-fit-dama-negro-1,pantalon-chino-confort-fit-dama.jpg,pantalon-chino.jpg,"Pantalón corte chino regular tiro alto, con un diseño clásico y confortable ideal para uso laboral o urbano. Cuenta con bolsillos delanteros funcionales y falso bolsillo ojal en la parte trasera, con avíos y forrería a tono que aportan una terminación prolija. Confeccionado en gabardina con spandex, que brinda elasticidad, durabilidad y un calce cómodo durante todo el día. Una prenda versátil y elegante, perfecta para uniformes o looks casuales.",COMANECCI -GABARDINA C/SPANDEX 98% ALGODÓN 2%SPANDEX
L-OF-PAN-CH - CF10,Chino Confort Fit DAMA NEGRO 38,PRODUCTO OFFICE,PANTALON,ECOMMERCE,9,"$57,990.00","$49,291.50","$47,925.62","$19,330.00",pantalon-chino-confort-fit-dama/pantalon-chino-confort-fit-dama-negro-1,pantalon-chino-confort-fit-dama.jpg,pantalon-chino.jpg,"Pantalón corte chino regular tiro alto, con un diseño clásico y confortable ideal para uso laboral o urbano. Cuenta con bolsillos delanteros funcionales y falso bolsillo ojal en la parte trasera, con avíos y forrería a tono que aportan una terminación prolija. Confeccionado en gabardina con spandex, que brinda elasticidad, durabilidad y un calce cómodo durante todo el día. Una prenda versátil y elegante, perfecta para uniformes o looks casuales.",COMANECCI -GABARDINA C/SPANDEX 98% ALGODÓN 2%SPANDEX
L-OF-PAN-CH - CF11,Chino Confort Fit DAMA NEGRO 40,PRODUCTO OFFICE,PANTALON,ECOMMERCE,18,"$57,990.00","$49,291.50","$47,925.62","$19,330.00",pantalon-chino-confort-fit-dama/pantalon-chino-confort-fit-dama-negro-1,pantalon-chino-confort-fit-dama.jpg,pantalon-chino.jpg,"Pantalón corte chino regular tiro alto, con un diseño clásico y confortable ideal para uso laboral o urbano. Cuenta con bolsillos delanteros funcionales y falso bolsillo ojal en la parte trasera, con avíos y forrería a tono que aportan una terminación prolija. Confeccionado en gabardina con spandex, que brinda elasticidad, durabilidad y un calce cómodo durante todo el día. Una prenda versátil y elegante, perfecta para uniformes o looks casuales.",COMANECCI -GABARDINA C/SPANDEX 98% ALGODÓN 2%SPANDEX
L-OF-PAN-CH - CF12,Chino Confort Fit DAMA NEGRO 42,PRODUCTO OFFICE,PANTALON,ECOMMERCE,20,"$57,990.00","$49,291.50","$47,925.62","$19,330.00",pantalon-chino-confort-fit-dama/pantalon-chino-confort-fit-dama-negro-1,pantalon-chino-confort-fit-dama.jpg,pantalon-chino.jpg,"Pantalón corte chino regular tiro alto, con un diseño clásico y confortable ideal para uso laboral o urbano. Cuenta con bolsillos delanteros funcionales y falso bolsillo ojal en la parte trasera, con avíos y forrería a tono que aportan una terminación prolija. Confeccionado en gabardina con spandex, que brinda elasticidad, durabilidad y un calce cómodo durante todo el día. Una prenda versátil y elegante, perfecta para uniformes o looks casuales.",COMANECCI -GABARDINA C/SPANDEX 98% ALGODÓN 2%SPANDEX
L-OF-PAN-CH - CF13,Chino Confort Fit DAMA NEGRO 44,PRODUCTO OFFICE,PANTALON,ECOMMERCE,19,"$57,990.00","$49,291.50","$47,925.62","$19,330.00",pantalon-chino-confort-fit-dama/pantalon-chino-confort-fit-dama-negro-1,pantalon-chino-confort-fit-dama.jpg,pantalon-chino.jpg,"Pantalón corte chino regular tiro alto, con un diseño clásico y confortable ideal para uso laboral o urbano. Cuenta con bolsillos delanteros funcionales y falso bolsillo ojal en la parte trasera, con avíos y forrería a tono que aportan una terminación prolija. Confeccionado en gabardina con spandex, que brinda elasticidad, durabilidad y un calce cómodo durante todo el día. Una prenda versátil y elegante, perfecta para uniformes o looks casuales.",COMANECCI -GABARDINA C/SPANDEX 98% ALGODÓN 2%SPANDEX
L-OF-PAN-CH - CF14,Chino Confort Fit DAMA NEGRO 46,PRODUCTO OFFICE,PANTALON,ECOMMERCE,20,"$57,990.00","$49,291.50","$47,925.62","$19,330.00",pantalon-chino-confort-fit-dama/pantalon-chino-confort-fit-dama-negro-1,pantalon-chino-confort-fit-dama.jpg,pantalon-chino.jpg,"Pantalón corte chino regular tiro alto, con un diseño clásico y confortable ideal para uso laboral o urbano. Cuenta con bolsillos delanteros funcionales y falso bolsillo ojal en la parte trasera, con avíos y forrería a tono que aportan una terminación prolija. Confeccionado en gabardina con spandex, que brinda elasticidad, durabilidad y un calce cómodo durante todo el día. Una prenda versátil y elegante, perfecta para uniformes o looks casuales.",COMANECCI -GABARDINA C/SPANDEX 98% ALGODÓN 2%SPANDEX
L-OF-PAN-CH - CF15,Chino Confort Fit DAMA NEGRO 48,PRODUCTO OFFICE,PANTALON,ECOMMERCE,10,"$57,990.00","$49,291.50","$47,925.62","$19,330.00",pantalon-chino-confort-fit-dama/pantalon-chino-confort-fit-dama-negro-1,pantalon-chino-confort-fit-dama.jpg,pantalon-chino.jpg,"Pantalón corte chino regular tiro alto, con un diseño clásico y confortable ideal para uso laboral o urbano. Cuenta con bolsillos delanteros funcionales y falso bolsillo ojal en la parte trasera, con avíos y forrería a tono que aportan una terminación prolija. Confeccionado en gabardina con spandex, que brinda elasticidad, durabilidad y un calce cómodo durante todo el día. Una prenda versátil y elegante, perfecta para uniformes o looks casuales.",COMANECCI -GABARDINA C/SPANDEX 98% ALGODÓN 2%SPANDEX
L-OF-PAN-CH - CF16,Chino Confort Fit DAMA NEGRO 50,PRODUCTO OFFICE,PANTALON,ECOMMERCE,10,"$57,990.00","$49,291.50","$47,925.62","$19,330.00",pantalon-chino-confort-fit-dama/pantalon-chino-confort-fit-dama-negro-1,pantalon-chino-confort-fit-dama.jpg,pantalon-chino.jpg,"Pantalón corte chino regular tiro alto, con un diseño clásico y confortable ideal para uso laboral o urbano. Cuenta con bolsillos delanteros funcionales y falso bolsillo ojal en la parte trasera, con avíos y forrería a tono que aportan una terminación prolija. Confeccionado en gabardina con spandex, que brinda elasticidad, durabilidad y un calce cómodo durante todo el día. Una prenda versátil y elegante, perfecta para uniformes o looks casuales.",COMANECCI -GABARDINA C/SPANDEX 98% ALGODÓN 2%SPANDEX
L-OF-PAN-CH - CF17,Chino Confort Fit DAMA TOSTADO 36,PRODUCTO OFFICE,PANTALON,ECOMMERCE,3,"$57,990.00","$49,291.50","$47,925.62","$19,330.00",pantalon-chino-confort-fit-dama/pantalon-chino-confort-fit-dama-tostado-1,pantalon-chino-confort-fit-dama.jpg,pantalon-chino.jpg,"Pantalón corte chino regular tiro alto, con un diseño clásico y confortable ideal para uso laboral o urbano. Cuenta con bolsillos delanteros funcionales y falso bolsillo ojal en la parte trasera, con avíos y forrería a tono que aportan una terminación prolija. Confeccionado en gabardina con spandex, que brinda elasticidad, durabilidad y un calce cómodo durante todo el día. Una prenda versátil y elegante, perfecta para uniformes o looks casuales.",COMANECCI -GABARDINA C/SPANDEX 98% ALGODÓN 2%SPANDEX
L-OF-PAN-CH - CF18,Chino Confort Fit DAMA TOSTADO 38,PRODUCTO OFFICE,PANTALON,ECOMMERCE,4,"$57,990.00","$49,291.50","$47,925.62","$19,330.00",pantalon-chino-confort-fit-dama/pantalon-chino-confort-fit-dama-tostado-1,pantalon-chino-confort-fit-dama.jpg,pantalon-chino.jpg,"Pantalón corte chino regular tiro alto, con un diseño clásico y confortable ideal para uso laboral o urbano. Cuenta con bolsillos delanteros funcionales y falso bolsillo ojal en la parte trasera, con avíos y forrería a tono que aportan una terminación prolija. Confeccionado en gabardina con spandex, que brinda elasticidad, durabilidad y un calce cómodo durante todo el día. Una prenda versátil y elegante, perfecta para uniformes o looks casuales.",COMANECCI -GABARDINA C/SPANDEX 98% ALGODÓN 2%SPANDEX
L-OF-PAN-CH - CF19,Chino Confort Fit DAMA TOSTADO 40,PRODUCTO OFFICE,PANTALON,ECOMMERCE,10,"$57,990.00","$49,291.50","$47,925.62","$19,330.00",pantalon-chino-confort-fit-dama/pantalon-chino-confort-fit-dama-tostado-1,pantalon-chino-confort-fit-dama.jpg,pantalon-chino.jpg,"Pantalón corte chino regular tiro alto, con un diseño clásico y confortable ideal para uso laboral o urbano. Cuenta con bolsillos delanteros funcionales y falso bolsillo ojal en la parte trasera, con avíos y forrería a tono que aportan una terminación prolija. Confeccionado en gabardina con spandex, que brinda elasticidad, durabilidad y un calce cómodo durante todo el día. Una prenda versátil y elegante, perfecta para uniformes o looks casuales.",COMANECCI -GABARDINA C/SPANDEX 98% ALGODÓN 2%SPANDEX
L-OF-PAN-CH - CF20,Chino Confort Fit DAMA TOSTADO 42,PRODUCTO OFFICE,PANTALON,ECOMMERCE,9,"$57,990.00","$49,291.50","$47,925.62","$19,330.00",pantalon-chino-confort-fit-dama/pantalon-chino-confort-fit-dama-tostado-1,pantalon-chino-confort-fit-dama.jpg,pantalon-chino.jpg,"Pantalón corte chino regular tiro alto, con un diseño clásico y confortable ideal para uso laboral o urbano. Cuenta con bolsillos delanteros funcionales y falso bolsillo ojal en la parte trasera, con avíos y forrería a tono que aportan una terminación prolija. Confeccionado en gabardina con spandex, que brinda elasticidad, durabilidad y un calce cómodo durante todo el día. Una prenda versátil y elegante, perfecta para uniformes o looks casuales.",COMANECCI -GABARDINA C/SPANDEX 98% ALGODÓN 2%SPANDEX
L-OF-PAN-CH - CF21,Chino Confort Fit DAMA TOSTADO 44,PRODUCTO OFFICE,PANTALON,ECOMMERCE,9,"$57,990.00","$49,291.50","$47,925.62","$19,330.00",pantalon-chino-confort-fit-dama/pantalon-chino-confort-fit-dama-tostado-1,pantalon-chino-confort-fit-dama.jpg,pantalon-chino.jpg,"Pantalón corte chino regular tiro alto, con un diseño clásico y confortable ideal para uso laboral o urbano. Cuenta con bolsillos delanteros funcionales y falso bolsillo ojal en la parte trasera, con avíos y forrería a tono que aportan una terminación prolija. Confeccionado en gabardina con spandex, que brinda elasticidad, durabilidad y un calce cómodo durante todo el día. Una prenda versátil y elegante, perfecta para uniformes o looks casuales.",COMANECCI -GABARDINA C/SPANDEX 98% ALGODÓN 2%SPANDEX
L-OF-PAN-CH - CF22,Chino Confort Fit DAMA TOSTADO 46,PRODUCTO OFFICE,PANTALON,ECOMMERCE,10,"$57,990.00","$49,291.50","$47,925.62","$19,330.00",pantalon-chino-confort-fit-dama/pantalon-chino-confort-fit-dama-tostado-1,pantalon-chino-confort-fit-dama.jpg,pantalon-chino.jpg,"Pantalón corte chino regular tiro alto, con un diseño clásico y confortable ideal para uso laboral o urbano. Cuenta con bolsillos delanteros funcionales y falso bolsillo ojal en la parte trasera, con avíos y forrería a tono que aportan una terminación prolija. Confeccionado en gabardina con spandex, que brinda elasticidad, durabilidad y un calce cómodo durante todo el día. Una prenda versátil y elegante, perfecta para uniformes o looks casuales.",COMANECCI -GABARDINA C/SPANDEX 98% ALGODÓN 2%SPANDEX
L-OF-PAN-CH - CF23,Chino Confort Fit DAMA TOSTADO 48,PRODUCTO OFFICE,PANTALON,ECOMMERCE,5,"$57,990.00","$49,291.50","$47,925.62","$19,330.00",pantalon-chino-confort-fit-dama/pantalon-chino-confort-fit-dama-tostado-1,pantalon-chino-confort-fit-dama.jpg,pantalon-chino.jpg,"Pantalón corte chino regular tiro alto, con un diseño clásico y confortable ideal para uso laboral o urbano. Cuenta con bolsillos delanteros funcionales y falso bolsillo ojal en la parte trasera, con avíos y forrería a tono que aportan una terminación prolija. Confeccionado en gabardina con spandex, que brinda elasticidad, durabilidad y un calce cómodo durante todo el día. Una prenda versátil y elegante, perfecta para uniformes o looks casuales.",COMANECCI -GABARDINA C/SPANDEX 98% ALGODÓN 2%SPANDEX
L-OF-PAN-CH-CF24,Chino Confort Fit DAMA TOSTADO 50,PRODUCTO OFFICE,PANTALON,ECOMMERCE,5,"$57,990.00","$49,291.50","$47,925.62","$19,330.00",pantalon-chino-confort-fit-dama/pantalon-chino-confort-fit-dama-tostado-1,pantalon-chino-confort-fit-dama.jpg,pantalon-chino.jpg,"Pantalón corte chino regular tiro alto, con un diseño clásico y confortable ideal para uso laboral o urbano. Cuenta con bolsillos delanteros funcionales y falso bolsillo ojal en la parte trasera, con avíos y forrería a tono que aportan una terminación prolija. Confeccionado en gabardina con spandex, que brinda elasticidad, durabilidad y un calce cómodo durante todo el día. Una prenda versátil y elegante, perfecta para uniformes o looks casuales.",COMANECCI -GABARDINA C/SPANDEX 98% ALGODÓN 2%SPANDEX
L-OF-PAN-CH - CF45,Chino Confort Fit H TOSTADO 38,PRODUCTO OFFICE,PANTALON,ECOMMERCE,5,"$59,990.00","$50,991.50","$49,578.51","$19,996.67",pantalon-chino-confort-fit-hombre/pantalon-chino-confort-fit-hombre-tostado-1,pantalon-chino-confort-fit-dama.jpg,pantalon-chino.jpg,"Pantalón corte chino regular, con un diseño clásico y confortable ideal para uso laboral o urbano. Cuenta con bolsillos delanteros funcionales y bolsillo ojal en la parte trasera, con avíos y forrería a tono que aportan una terminación prolija. Confeccionado en gabardina con spandex, que brinda elasticidad, durabilidad y un calce cómodo durante todo el día. Una prenda versátil y elegante, perfecta para uniformes o looks casuales.",COMANECCI -GABARDINA C/SPANDEX 98% ALGODÓN 2%SPANDEX
L-OF-PAN-CH - CF46,Chino Confort Fit H TOSTADO 40,PRODUCTO OFFICE,PANTALON,ECOMMERCE,5,"$59,990.00","$50,991.50","$49,578.51","$19,996.67",pantalon-chino-confort-fit-hombre/pantalon-chino-confort-fit-hombre-tostado-1,pantalon-chino-confort-fit-dama.jpg,pantalon-chino.jpg,"Pantalón corte chino regular, con un diseño clásico y confortable ideal para uso laboral o urbano. Cuenta con bolsillos delanteros funcionales y bolsillo ojal en la parte trasera, con avíos y forrería a tono que aportan una terminación prolija. Confeccionado en gabardina con spandex, que brinda elasticidad, durabilidad y un calce cómodo durante todo el día. Una prenda versátil y elegante, perfecta para uniformes o looks casuales.",COMANECCI -GABARDINA C/SPANDEX 98% ALGODÓN 2%SPANDEX
L-OF-PAN-CH - CF47,Chino Confort Fit H TOSTADO 42,PRODUCTO OFFICE,PANTALON,ECOMMERCE,8,"$59,990.00","$50,991.50","$49,578.51","$19,996.67",pantalon-chino-confort-fit-hombre/pantalon-chino-confort-fit-hombre-tostado-1,pantalon-chino-confort-fit-dama.jpg,pantalon-chino.jpg,"Pantalón corte chino regular, con un diseño clásico y confortable ideal para uso laboral o urbano. Cuenta con bolsillos delanteros funcionales y bolsillo ojal en la parte trasera, con avíos y forrería a tono que aportan una terminación prolija. Confeccionado en gabardina con spandex, que brinda elasticidad, durabilidad y un calce cómodo durante todo el día. Una prenda versátil y elegante, perfecta para uniformes o looks casuales.",COMANECCI -GABARDINA C/SPANDEX 98% ALGODÓN 2%SPANDEX
L-OF-PAN-CH - CF48,Chino Confort Fit H TOSTADO 44,PRODUCTO OFFICE,PANTALON,ECOMMERCE,10,"$59,990.00","$50,991.50","$49,578.51","$19,996.67",pantalon-chino-confort-fit-hombre/pantalon-chino-confort-fit-hombre-tostado-1,pantalon-chino-confort-fit-dama.jpg,pantalon-chino.jpg,"Pantalón corte chino regular, con un diseño clásico y confortable ideal para uso laboral o urbano. Cuenta con bolsillos delanteros funcionales y bolsillo ojal en la parte trasera, con avíos y forrería a tono que aportan una terminación prolija. Confeccionado en gabardina con spandex, que brinda elasticidad, durabilidad y un calce cómodo durante todo el día. Una prenda versátil y elegante, perfecta para uniformes o looks casuales.",COMANECCI -GABARDINA C/SPANDEX 98% ALGODÓN 2%SPANDEX
L-OF-PAN-CH - CF49,Chino Confort Fit H TOSTADO 46,PRODUCTO OFFICE,PANTALON,ECOMMERCE,10,"$59,990.00","$50,991.50","$49,578.51","$19,996.67",pantalon-chino-confort-fit-hombre/pantalon-chino-confort-fit-hombre-tostado-1,pantalon-chino-confort-fit-dama.jpg,pantalon-chino.jpg,"Pantalón corte chino regular, con un diseño clásico y confortable ideal para uso laboral o urbano. Cuenta con bolsillos delanteros funcionales y bolsillo ojal en la parte trasera, con avíos y forrería a tono que aportan una terminación prolija. Confeccionado en gabardina con spandex, que brinda elasticidad, durabilidad y un calce cómodo durante todo el día. Una prenda versátil y elegante, perfecta para uniformes o looks casuales.",COMANECCI -GABARDINA C/SPANDEX 98% ALGODÓN 2%SPANDEX
L-OF-PAN-CH - CF50,Chino Confort Fit H TOSTADO 48,PRODUCTO OFFICE,PANTALON,ECOMMERCE,10,"$59,990.00","$50,991.50","$49,578.51","$19,996.67",pantalon-chino-confort-fit-hombre/pantalon-chino-confort-fit-hombre-tostado-1,pantalon-chino-confort-fit-dama.jpg,pantalon-chino.jpg,"Pantalón corte chino regular, con un diseño clásico y confortable ideal para uso laboral o urbano. Cuenta con bolsillos delanteros funcionales y bolsillo ojal en la parte trasera, con avíos y forrería a tono que aportan una terminación prolija. Confeccionado en gabardina con spandex, que brinda elasticidad, durabilidad y un calce cómodo durante todo el día. Una prenda versátil y elegante, perfecta para uniformes o looks casuales.",COMANECCI -GABARDINA C/SPANDEX 98% ALGODÓN 2%SPANDEX
L-OF-PAN-CH - CF51,Chino Confort Fit H TOSTADO 50,PRODUCTO OFFICE,PANTALON,ECOMMERCE,5,"$59,990.00","$50,991.50","$49,578.51","$19,996.67",pantalon-chino-confort-fit-hombre/pantalon-chino-confort-fit-hombre-tostado-1,pantalon-chino-confort-fit-dama.jpg,pantalon-chino.jpg,"Pantalón corte chino regular, con un diseño clásico y confortable ideal para uso laboral o urbano. Cuenta con bolsillos delanteros funcionales y bolsillo ojal en la parte trasera, con avíos y forrería a tono que aportan una terminación prolija. Confeccionado en gabardina con spandex, que brinda elasticidad, durabilidad y un calce cómodo durante todo el día. Una prenda versátil y elegante, perfecta para uniformes o looks casuales.",COMANECCI -GABARDINA C/SPANDEX 98% ALGODÓN 2%SPANDEX
L-OF-PAN-CH - CF44,Chino Confort Fit H TOSTADO 52,PRODUCTO OFFICE,PANTALON,ECOMMERCE,4,"$59,990.00","$50,991.50","$49,578.51","$19,996.67",pantalon-chino-confort-fit-hombre/pantalon-chino-confort-fit-hombre-tostado-1,pantalon-chino-confort-fit-dama.jpg,pantalon-chino.jpg,"Pantalón corte chino regular, con un diseño clásico y confortable ideal para uso laboral o urbano. Cuenta con bolsillos delanteros funcionales y bolsillo ojal en la parte trasera, con avíos y forrería a tono que aportan una terminación prolija. Confeccionado en gabardina con spandex, que brinda elasticidad, durabilidad y un calce cómodo durante todo el día. Una prenda versátil y elegante, perfecta para uniformes o looks casuales.",COMANECCI -GABARDINA C/SPANDEX 98% ALGODÓN 2%SPANDEX
L-OF-PAN-CH - CF25,Chino Confort Fit HOMBRE AZUL 36,PRODUCTO OFFICE,PANTALON,ECOMMERCE,10,"$59,990.00","$50,991.50","$49,578.51","$19,996.67",pantalon-chino-confort-fit-hombre/pantalon-chino-confort-fit-hombre-azul-1,pantalon-chino-confort-fit-dama.jpg,pantalon-chino.jpg,"Pantalón corte chino regular, con un diseño clásico y confortable ideal para uso laboral o urbano. Cuenta con bolsillos delanteros funcionales y bolsillo ojal en la parte trasera, con avíos y forrería a tono que aportan una terminación prolija. Confeccionado en gabardina con spandex, que brinda elasticidad, durabilidad y un calce cómodo durante todo el día. Una prenda versátil y elegante, perfecta para uniformes o looks casuales.",COMANECCI -GABARDINA C/SPANDEX 98% ALGODÓN 2%SPANDEX
L-OF-PAN-CH - CF26,Chino Confort Fit HOMBRE AZUL 38,PRODUCTO OFFICE,PANTALON,ECOMMERCE,10,"$59,990.00","$50,991.50","$49,578.51","$19,996.67",pantalon-chino-confort-fit-hombre/pantalon-chino-confort-fit-hombre-azul-1,pantalon-chino-confort-fit-dama.jpg,pantalon-chino.jpg,"Pantalón corte chino regular, con un diseño clásico y confortable ideal para uso laboral o urbano. Cuenta con bolsillos delanteros funcionales y bolsillo ojal en la parte trasera, con avíos y forrería a tono que aportan una terminación prolija. Confeccionado en gabardina con spandex, que brinda elasticidad, durabilidad y un calce cómodo durante todo el día. Una prenda versátil y elegante, perfecta para uniformes o looks casuales.",COMANECCI -GABARDINA C/SPANDEX 98% ALGODÓN 2%SPANDEX
L-OF-PAN-CH - CF27,Chino Confort Fit HOMBRE AZUL 40,PRODUCTO OFFICE,PANTALON,ECOMMERCE,19,"$59,990.00","$50,991.50","$49,578.51","$19,996.67",pantalon-chino-confort-fit-hombre/pantalon-chino-confort-fit-hombre-azul-1,pantalon-chino-confort-fit-dama.jpg,pantalon-chino.jpg,"Pantalón corte chino regular, con un diseño clásico y confortable ideal para uso laboral o urbano. Cuenta con bolsillos delanteros funcionales y bolsillo ojal en la parte trasera, con avíos y forrería a tono que aportan una terminación prolija. Confeccionado en gabardina con spandex, que brinda elasticidad, durabilidad y un calce cómodo durante todo el día. Una prenda versátil y elegante, perfecta para uniformes o looks casuales.",COMANECCI -GABARDINA C/SPANDEX 98% ALGODÓN 2%SPANDEX
L-OF-PAN-CH - CF28,Chino Confort Fit HOMBRE AZUL 42,PRODUCTO OFFICE,PANTALON,ECOMMERCE,20,"$59,990.00","$50,991.50","$49,578.51","$19,996.67",pantalon-chino-confort-fit-hombre/pantalon-chino-confort-fit-hombre-azul-1,pantalon-chino-confort-fit-dama.jpg,pantalon-chino.jpg,"Pantalón corte chino regular, con un diseño clásico y confortable ideal para uso laboral o urbano. Cuenta con bolsillos delanteros funcionales y bolsillo ojal en la parte trasera, con avíos y forrería a tono que aportan una terminación prolija. Confeccionado en gabardina con spandex, que brinda elasticidad, durabilidad y un calce cómodo durante todo el día. Una prenda versátil y elegante, perfecta para uniformes o looks casuales.",COMANECCI -GABARDINA C/SPANDEX 98% ALGODÓN 2%SPANDEX
L-OF-PAN-CH - CF29,Chino Confort Fit HOMBRE AZUL 44,PRODUCTO OFFICE,PANTALON,ECOMMERCE,20,"$59,990.00","$50,991.50","$49,578.51","$19,996.67",pantalon-chino-confort-fit-hombre/pantalon-chino-confort-fit-hombre-azul-1,pantalon-chino-confort-fit-dama.jpg,pantalon-chino.jpg,"Pantalón corte chino regular, con un diseño clásico y confortable ideal para uso laboral o urbano. Cuenta con bolsillos delanteros funcionales y bolsillo ojal en la parte trasera, con avíos y forrería a tono que aportan una terminación prolija. Confeccionado en gabardina con spandex, que brinda elasticidad, durabilidad y un calce cómodo durante todo el día. Una prenda versátil y elegante, perfecta para uniformes o looks casuales.",COMANECCI -GABARDINA C/SPANDEX 98% ALGODÓN 2%SPANDEX
L-OF-PAN-CH - CF30,Chino Confort Fit HOMBRE AZUL 46,PRODUCTO OFFICE,PANTALON,ECOMMERCE,19,"$59,990.00","$50,991.50","$49,578.51","$19,996.67",pantalon-chino-confort-fit-hombre/pantalon-chino-confort-fit-hombre-azul-1,pantalon-chino-confort-fit-dama.jpg,pantalon-chino.jpg,"Pantalón corte chino regular, con un diseño clásico y confortable ideal para uso laboral o urbano. Cuenta con bolsillos delanteros funcionales y bolsillo ojal en la parte trasera, con avíos y forrería a tono que aportan una terminación prolija. Confeccionado en gabardina con spandex, que brinda elasticidad, durabilidad y un calce cómodo durante todo el día. Una prenda versátil y elegante, perfecta para uniformes o looks casuales.",COMANECCI -GABARDINA C/SPANDEX 98% ALGODÓN 2%SPANDEX
L-OF-PAN-CH - CF31,Chino Confort Fit HOMBRE AZUL 48,PRODUCTO OFFICE,PANTALON,ECOMMERCE,9,"$59,990.00","$50,991.50","$49,578.51","$19,996.67",pantalon-chino-confort-fit-hombre/pantalon-chino-confort-fit-hombre-azul-1,pantalon-chino-confort-fit-dama.jpg,pantalon-chino.jpg,"Pantalón corte chino regular, con un diseño clásico y confortable ideal para uso laboral o urbano. Cuenta con bolsillos delanteros funcionales y bolsillo ojal en la parte trasera, con avíos y forrería a tono que aportan una terminación prolija. Confeccionado en gabardina con spandex, que brinda elasticidad, durabilidad y un calce cómodo durante todo el día. Una prenda versátil y elegante, perfecta para uniformes o looks casuales.",COMANECCI -GABARDINA C/SPANDEX 98% ALGODÓN 2%SPANDEX
L-OF-PAN-CH - CF32,Chino Confort Fit HOMBRE AZUL 50,PRODUCTO OFFICE,PANTALON,ECOMMERCE,10,"$59,990.00","$50,991.50","$49,578.51","$19,996.67",pantalon-chino-confort-fit-hombre/pantalon-chino-confort-fit-hombre-azul-1,pantalon-chino-confort-fit-dama.jpg,pantalon-chino.jpg,"Pantalón corte chino regular, con un diseño clásico y confortable ideal para uso laboral o urbano. Cuenta con bolsillos delanteros funcionales y bolsillo ojal en la parte trasera, con avíos y forrería a tono que aportan una terminación prolija. Confeccionado en gabardina con spandex, que brinda elasticidad, durabilidad y un calce cómodo durante todo el día. Una prenda versátil y elegante, perfecta para uniformes o looks casuales.",COMANECCI -GABARDINA C/SPANDEX 98% ALGODÓN 2%SPANDEX
L-OF-PAN-CH - CF36,Chino Confort Fit HOMBRE NEGRO 36,PRODUCTO OFFICE,PANTALON,ECOMMERCE,10,"$59,990.00","$50,991.50","$49,578.51","$19,996.67",pantalon-chino-confort-fit-hombre/pantalon-chino-confort-fit-hombre-negro-1,pantalon-chino-confort-fit-dama.jpg,pantalon-chino.jpg,"Pantalón corte chino regular, con un diseño clásico y confortable ideal para uso laboral o urbano. Cuenta con bolsillos delanteros funcionales y bolsillo ojal en la parte trasera, con avíos y forrería a tono que aportan una terminación prolija. Confeccionado en gabardina con spandex, que brinda elasticidad, durabilidad y un calce cómodo durante todo el día. Una prenda versátil y elegante, perfecta para uniformes o looks casuales.",COMANECCI -GABARDINA C/SPANDEX 98% ALGODÓN 2%SPANDEX
L-OF-PAN-CH - CF37,Chino Confort Fit HOMBRE NEGRO 38,PRODUCTO OFFICE,PANTALON,ECOMMERCE,10,"$59,990.00","$50,991.50","$49,578.51","$19,996.67",pantalon-chino-confort-fit-hombre/pantalon-chino-confort-fit-hombre-negro-1,pantalon-chino-confort-fit-dama.jpg,pantalon-chino.jpg,"Pantalón corte chino regular, con un diseño clásico y confortable ideal para uso laboral o urbano. Cuenta con bolsillos delanteros funcionales y bolsillo ojal en la parte trasera, con avíos y forrería a tono que aportan una terminación prolija. Confeccionado en gabardina con spandex, que brinda elasticidad, durabilidad y un calce cómodo durante todo el día. Una prenda versátil y elegante, perfecta para uniformes o looks casuales.",COMANECCI -GABARDINA C/SPANDEX 98% ALGODÓN 2%SPANDEX
L-OF-PAN-CH - CF38,Chino Confort Fit HOMBRE NEGRO 40,PRODUCTO OFFICE,PANTALON,ECOMMERCE,19,"$59,990.00","$50,991.50","$49,578.51","$19,996.67",pantalon-chino-confort-fit-hombre/pantalon-chino-confort-fit-hombre-negro-1,pantalon-chino-confort-fit-dama.jpg,pantalon-chino.jpg,"Pantalón corte chino regular, con un diseño clásico y confortable ideal para uso laboral o urbano. Cuenta con bolsillos delanteros funcionales y bolsillo ojal en la parte trasera, con avíos y forrería a tono que aportan una terminación prolija. Confeccionado en gabardina con spandex, que brinda elasticidad, durabilidad y un calce cómodo durante todo el día. Una prenda versátil y elegante, perfecta para uniformes o looks casuales.",COMANECCI -GABARDINA C/SPANDEX 98% ALGODÓN 2%SPANDEX
L-OF-PAN-CH - CF39,Chino Confort Fit HOMBRE NEGRO 42,PRODUCTO OFFICE,PANTALON,ECOMMERCE,19,"$59,990.00","$50,991.50","$49,578.51","$19,996.67",pantalon-chino-confort-fit-hombre/pantalon-chino-confort-fit-hombre-negro-1,pantalon-chino-confort-fit-dama.jpg,pantalon-chino.jpg,"Pantalón corte chino regular, con un diseño clásico y confortable ideal para uso laboral o urbano. Cuenta con bolsillos delanteros funcionales y bolsillo ojal en la parte trasera, con avíos y forrería a tono que aportan una terminación prolija. Confeccionado en gabardina con spandex, que brinda elasticidad, durabilidad y un calce cómodo durante todo el día. Una prenda versátil y elegante, perfecta para uniformes o looks casuales.",COMANECCI -GABARDINA C/SPANDEX 98% ALGODÓN 2%SPANDEX
L-OF-PAN-CH - CF40,Chino Confort Fit HOMBRE NEGRO 44,PRODUCTO OFFICE,PANTALON,ECOMMERCE,20,"$59,990.00","$50,991.50","$49,578.51","$19,996.67",pantalon-chino-confort-fit-hombre/pantalon-chino-confort-fit-hombre-negro-1,pantalon-chino-confort-fit-dama.jpg,pantalon-chino.jpg,"Pantalón corte chino regular, con un diseño clásico y confortable ideal para uso laboral o urbano. Cuenta con bolsillos delanteros funcionales y bolsillo ojal en la parte trasera, con avíos y forrería a tono que aportan una terminación prolija. Confeccionado en gabardina con spandex, que brinda elasticidad, durabilidad y un calce cómodo durante todo el día. Una prenda versátil y elegante, perfecta para uniformes o looks casuales.",COMANECCI -GABARDINA C/SPANDEX 98% ALGODÓN 2%SPANDEX
L-OF-PAN-CH - CF41,Chino Confort Fit HOMBRE NEGRO 46,PRODUCTO OFFICE,PANTALON,ECOMMERCE,18,"$59,990.00","$50,991.50","$49,578.51","$19,996.67",pantalon-chino-confort-fit-hombre/pantalon-chino-confort-fit-hombre-negro-1,pantalon-chino-confort-fit-dama.jpg,pantalon-chino.jpg,"Pantalón corte chino regular, con un diseño clásico y confortable ideal para uso laboral o urbano. Cuenta con bolsillos delanteros funcionales y bolsillo ojal en la parte trasera, con avíos y forrería a tono que aportan una terminación prolija. Confeccionado en gabardina con spandex, que brinda elasticidad, durabilidad y un calce cómodo durante todo el día. Una prenda versátil y elegante, perfecta para uniformes o looks casuales.",COMANECCI -GABARDINA C/SPANDEX 98% ALGODÓN 2%SPANDEX
L-OF-PAN-CH - CF42,Chino Confort Fit HOMBRE NEGRO 48,PRODUCTO OFFICE,PANTALON,ECOMMERCE,9,"$59,990.00","$50,991.50","$49,578.51","$19,996.67",pantalon-chino-confort-fit-hombre/pantalon-chino-confort-fit-hombre-negro-1,pantalon-chino-confort-fit-dama.jpg,pantalon-chino.jpg,"Pantalón corte chino regular, con un diseño clásico y confortable ideal para uso laboral o urbano. Cuenta con bolsillos delanteros funcionales y bolsillo ojal en la parte trasera, con avíos y forrería a tono que aportan una terminación prolija. Confeccionado en gabardina con spandex, que brinda elasticidad, durabilidad y un calce cómodo durante todo el día. Una prenda versátil y elegante, perfecta para uniformes o looks casuales.",COMANECCI -GABARDINA C/SPANDEX 98% ALGODÓN 2%SPANDEX
L-OF-PAN-CH - CF43,Chino Confort Fit HOMBRE NEGRO 50,PRODUCTO OFFICE,PANTALON,ECOMMERCE,10,"$59,990.00","$50,991.50","$49,578.51","$19,996.67",pantalon-chino-confort-fit-hombre/pantalon-chino-confort-fit-hombre-negro-1,pantalon-chino-confort-fit-dama.jpg,pantalon-chino.jpg,"Pantalón corte chino regular, con un diseño clásico y confortable ideal para uso laboral o urbano. Cuenta con bolsillos delanteros funcionales y bolsillo ojal en la parte trasera, con avíos y forrería a tono que aportan una terminación prolija. Confeccionado en gabardina con spandex, que brinda elasticidad, durabilidad y un calce cómodo durante todo el día. Una prenda versátil y elegante, perfecta para uniformes o looks casuales.",COMANECCI -GABARDINA C/SPANDEX 98% ALGODÓN 2%SPANDEX
L-WW-CHO-RIB30,Chomba Ribet Unisex Azul Marino 2XL,PRODUCTO WORKWEAR,CHOMBA,ECOMMERCE,10,"$34,990.00","$29,741.50","$28,917.36","$11,663.33",chomba-ribet-unisex/chomba-ribet-unisex-azulmarino-1,chomba-rivet-unisex.jpg,superiores.jpg,"Chomba manga corta unisex, con cuello y puños tejidos a tono. Presenta cartera con 2 botones bicapa blancos y tapacostura interno a tono, que aportan detalle y durabilidad. Confeccionada en jersey peinado 24/1, una tela suave, fresca y de excelente calidad. Es una prenda básica y versátil ideal para uso empresarial o uniforme con estilo clásico y cómodo.",JERSEY PEINADO 24/1 -  100% ALGODÓN
L-WW-CHO-RIB24,Chomba Ribet Unisex Azul Marino 2XS,PRODUCTO WORKWEAR,CHOMBA,ECOMMERCE,6,"$34,990.00","$29,741.50","$28,917.36","$11,663.33",chomba-ribet-unisex/chomba-ribet-unisex-azulmarino-1,chomba-rivet-unisex.jpg,superiores.jpg,"Chomba manga corta unisex, con cuello y puños tejidos a tono. Presenta cartera con 2 botones bicapa blancos y tapacostura interno a tono, que aportan detalle y durabilidad. Confeccionada en jersey peinado 24/1, una tela suave, fresca y de excelente calidad. Es una prenda básica y versátil ideal para uso empresarial o uniforme con estilo clásico y cómodo.",JERSEY PEINADO 24/1 -  100% ALGODÓN
L-WW-CHO-RIB31,Chomba Ribet Unisex Azul Marino 3XL,PRODUCTO WORKWEAR,CHOMBA,ECOMMERCE,6,"$34,990.00","$29,741.50","$28,917.36","$11,663.33",chomba-ribet-unisex/chomba-ribet-unisex-azulmarino-1,chomba-rivet-unisex.jpg,superiores.jpg,"Chomba manga corta unisex, con cuello y puños tejidos a tono. Presenta cartera con 2 botones bicapa blancos y tapacostura interno a tono, que aportan detalle y durabilidad. Confeccionada en jersey peinado 24/1, una tela suave, fresca y de excelente calidad. Es una prenda básica y versátil ideal para uso empresarial o uniforme con estilo clásico y cómodo.",JERSEY PEINADO 24/1 -  100% ALGODÓN
L-WW-CHO-RIB28,Chomba Ribet Unisex Azul Marino L,PRODUCTO WORKWEAR,CHOMBA,ECOMMERCE,15,"$34,990.00","$29,741.50","$28,917.36","$11,663.33",chomba-ribet-unisex/chomba-ribet-unisex-azulmarino-1,chomba-rivet-unisex.jpg,superiores.jpg,"Chomba manga corta unisex, con cuello y puños tejidos a tono. Presenta cartera con 2 botones bicapa blancos y tapacostura interno a tono, que aportan detalle y durabilidad. Confeccionada en jersey peinado 24/1, una tela suave, fresca y de excelente calidad. Es una prenda básica y versátil ideal para uso empresarial o uniforme con estilo clásico y cómodo.",JERSEY PEINADO 24/1 -  100% ALGODÓN
L-WW-CHO-RIB27,Chomba Ribet Unisex Azul Marino M,PRODUCTO WORKWEAR,CHOMBA,ECOMMERCE,16,"$34,990.00","$29,741.50","$28,917.36","$11,663.33",chomba-ribet-unisex/chomba-ribet-unisex-azulmarino-1,chomba-rivet-unisex.jpg,superiores.jpg,"Chomba manga corta unisex, con cuello y puños tejidos a tono. Presenta cartera con 2 botones bicapa blancos y tapacostura interno a tono, que aportan detalle y durabilidad. Confeccionada en jersey peinado 24/1, una tela suave, fresca y de excelente calidad. Es una prenda básica y versátil ideal para uso empresarial o uniforme con estilo clásico y cómodo.",JERSEY PEINADO 24/1 -  100% ALGODÓN
L-WW-CHO-RIB26,Chomba Ribet Unisex Azul Marino S,PRODUCTO WORKWEAR,CHOMBA,ECOMMERCE,10,"$34,990.00","$29,741.50","$28,917.36","$11,663.33",chomba-ribet-unisex/chomba-ribet-unisex-azulmarino-1,chomba-rivet-unisex.jpg,superiores.jpg,"Chomba manga corta unisex, con cuello y puños tejidos a tono. Presenta cartera con 2 botones bicapa blancos y tapacostura interno a tono, que aportan detalle y durabilidad. Confeccionada en jersey peinado 24/1, una tela suave, fresca y de excelente calidad. Es una prenda básica y versátil ideal para uso empresarial o uniforme con estilo clásico y cómodo.",JERSEY PEINADO 24/1 -  100% ALGODÓN
L-WW-CHO-RIB29,Chomba Ribet Unisex Azul Marino XL,PRODUCTO WORKWEAR,CHOMBA,ECOMMERCE,16,"$34,990.00","$29,741.50","$28,917.36","$11,663.33",chomba-ribet-unisex/chomba-ribet-unisex-azulmarino-1,chomba-rivet-unisex.jpg,superiores.jpg,"Chomba manga corta unisex, con cuello y puños tejidos a tono. Presenta cartera con 2 botones bicapa blancos y tapacostura interno a tono, que aportan detalle y durabilidad. Confeccionada en jersey peinado 24/1, una tela suave, fresca y de excelente calidad. Es una prenda básica y versátil ideal para uso empresarial o uniforme con estilo clásico y cómodo.",JERSEY PEINADO 24/1 -  100% ALGODÓN
L-WW-CHO-RIB25,Chomba Ribet Unisex Azul Marino XS,PRODUCTO WORKWEAR,CHOMBA,ECOMMERCE,5,"$34,990.00","$29,741.50","$28,917.36","$11,663.33",chomba-ribet-unisex/chomba-ribet-unisex-azulmarino-1,chomba-rivet-unisex.jpg,superiores.jpg,"Chomba manga corta unisex, con cuello y puños tejidos a tono. Presenta cartera con 2 botones bicapa blancos y tapacostura interno a tono, que aportan detalle y durabilidad. Confeccionada en jersey peinado 24/1, una tela suave, fresca y de excelente calidad. Es una prenda básica y versátil ideal para uso empresarial o uniforme con estilo clásico y cómodo.",JERSEY PEINADO 24/1 -  100% ALGODÓN
L-WW-CHO-RIB19,Chomba Ribet Unisex Gris Melange 2XL,PRODUCTO WORKWEAR,CHOMBA,ECOMMERCE,10,"$34,990.00","$29,741.50","$28,917.36","$11,663.33",chomba-ribet-unisex/chomba-ribet-unisex-grismelange-1,chomba-rivet-unisex.jpg,superiores.jpg,"Chomba manga corta unisex, con cuello y puños tejidos a tono. Presenta cartera con 2 botones bicapa blancos y tapacostura interno a tono, que aportan detalle y durabilidad. Confeccionada en jersey peinado 24/1, una tela suave, fresca y de excelente calidad. Es una prenda básica y versátil ideal para uso empresarial o uniforme con estilo clásico y cómodo.",JERSEY PEINADO 24/1 -  100% ALGODÓN
L-WW-CHO-RIB13,Chomba Ribet Unisex Gris Melange 2XS,PRODUCTO WORKWEAR,CHOMBA,ECOMMERCE,5,"$34,990.00","$29,741.50","$28,917.36","$11,663.33",chomba-ribet-unisex/chomba-ribet-unisex-grismelange-1,chomba-rivet-unisex.jpg,superiores.jpg,"Chomba manga corta unisex, con cuello y puños tejidos a tono. Presenta cartera con 2 botones bicapa blancos y tapacostura interno a tono, que aportan detalle y durabilidad. Confeccionada en jersey peinado 24/1, una tela suave, fresca y de excelente calidad. Es una prenda básica y versátil ideal para uso empresarial o uniforme con estilo clásico y cómodo.",JERSEY PEINADO 24/1 -  100% ALGODÓN
L-WW-CHO-RIB20,Chomba Ribet Unisex Gris Melange 3XL,PRODUCTO WORKWEAR,CHOMBA,ECOMMERCE,6,"$34,990.00","$29,741.50","$28,917.36","$11,663.33",chomba-ribet-unisex/chomba-ribet-unisex-grismelange-1,chomba-rivet-unisex.jpg,superiores.jpg,"Chomba manga corta unisex, con cuello y puños tejidos a tono. Presenta cartera con 2 botones bicapa blancos y tapacostura interno a tono, que aportan detalle y durabilidad. Confeccionada en jersey peinado 24/1, una tela suave, fresca y de excelente calidad. Es una prenda básica y versátil ideal para uso empresarial o uniforme con estilo clásico y cómodo.",JERSEY PEINADO 24/1 -  100% ALGODÓN
L-WW-CHO-RIB17,Chomba Ribet Unisex Gris Melange L,PRODUCTO WORKWEAR,CHOMBA,ECOMMERCE,16,"$34,990.00","$29,741.50","$28,917.36","$11,663.33",chomba-ribet-unisex/chomba-ribet-unisex-grismelange-1,chomba-rivet-unisex.jpg,superiores.jpg,"Chomba manga corta unisex, con cuello y puños tejidos a tono. Presenta cartera con 2 botones bicapa blancos y tapacostura interno a tono, que aportan detalle y durabilidad. Confeccionada en jersey peinado 24/1, una tela suave, fresca y de excelente calidad. Es una prenda básica y versátil ideal para uso empresarial o uniforme con estilo clásico y cómodo.",JERSEY PEINADO 24/1 -  100% ALGODÓN
L-WW-CHO-RIB16,Chomba Ribet Unisex Gris Melange M,PRODUCTO WORKWEAR,CHOMBA,ECOMMERCE,16,"$34,990.00","$29,741.50","$28,917.36","$11,663.33",chomba-ribet-unisex/chomba-ribet-unisex-grismelange-1,chomba-rivet-unisex.jpg,superiores.jpg,"Chomba manga corta unisex, con cuello y puños tejidos a tono. Presenta cartera con 2 botones bicapa blancos y tapacostura interno a tono, que aportan detalle y durabilidad. Confeccionada en jersey peinado 24/1, una tela suave, fresca y de excelente calidad. Es una prenda básica y versátil ideal para uso empresarial o uniforme con estilo clásico y cómodo.",JERSEY PEINADO 24/1 -  100% ALGODÓN
L-WW-CHO-RIB15,Chomba Ribet Unisex Gris Melange S,PRODUCTO WORKWEAR,CHOMBA,ECOMMERCE,6,"$34,990.00","$29,741.50","$28,917.36","$11,663.33",chomba-ribet-unisex/chomba-ribet-unisex-grismelange-1,chomba-rivet-unisex.jpg,superiores.jpg,"Chomba manga corta unisex, con cuello y puños tejidos a tono. Presenta cartera con 2 botones bicapa blancos y tapacostura interno a tono, que aportan detalle y durabilidad. Confeccionada en jersey peinado 24/1, una tela suave, fresca y de excelente calidad. Es una prenda básica y versátil ideal para uso empresarial o uniforme con estilo clásico y cómodo.",JERSEY PEINADO 24/1 -  100% ALGODÓN
L-WW-CHO-RIB18,Chomba Ribet Unisex Gris Melange XL,PRODUCTO WORKWEAR,CHOMBA,ECOMMERCE,15,"$34,990.00","$29,741.50","$28,917.36","$11,663.33",chomba-ribet-unisex/chomba-ribet-unisex-grismelange-1,chomba-rivet-unisex.jpg,superiores.jpg,"Chomba manga corta unisex, con cuello y puños tejidos a tono. Presenta cartera con 2 botones bicapa blancos y tapacostura interno a tono, que aportan detalle y durabilidad. Confeccionada en jersey peinado 24/1, una tela suave, fresca y de excelente calidad. Es una prenda básica y versátil ideal para uso empresarial o uniforme con estilo clásico y cómodo.",JERSEY PEINADO 24/1 -  100% ALGODÓN
L-WW-CHO-RIB14,Chomba Ribet Unisex Gris Melange XS,PRODUCTO WORKWEAR,CHOMBA,ECOMMERCE,6,"$34,990.00","$29,741.50","$28,917.36","$11,663.33",chomba-ribet-unisex/chomba-ribet-unisex-grismelange-1,chomba-rivet-unisex.jpg,superiores.jpg,"Chomba manga corta unisex, con cuello y puños tejidos a tono. Presenta cartera con 2 botones bicapa blancos y tapacostura interno a tono, que aportan detalle y durabilidad. Confeccionada en jersey peinado 24/1, una tela suave, fresca y de excelente calidad. Es una prenda básica y versátil ideal para uso empresarial o uniforme con estilo clásico y cómodo.",JERSEY PEINADO 24/1 -  100% ALGODÓN
L-WW-CHO-RIB8,Chomba Ribet Unisex Gris topo 2XL,PRODUCTO WORKWEAR,CHOMBA,ECOMMERCE,10,"$34,990.00","$29,741.50","$28,917.36","$11,663.33",chomba-ribet-unisex/chomba-ribet-unisex-gristopo-1,chomba-rivet-unisex.jpg,superiores.jpg,"Chomba manga corta unisex, con cuello y puños tejidos a tono. Presenta cartera con 2 botones bicapa blancos y tapacostura interno a tono, que aportan detalle y durabilidad. Confeccionada en jersey peinado 24/1, una tela suave, fresca y de excelente calidad. Es una prenda básica y versátil ideal para uso empresarial o uniforme con estilo clásico y cómodo.",JERSEY PEINADO 24/1 -  100% ALGODÓN
L-WW-CHO-RIB2,Chomba Ribet Unisex Gris topo 2XS,PRODUCTO WORKWEAR,CHOMBA,ECOMMERCE,5,"$34,990.00","$29,741.50","$28,917.36","$11,663.33",chomba-ribet-unisex/chomba-ribet-unisex-gristopo-1,chomba-rivet-unisex.jpg,superiores.jpg,"Chomba manga corta unisex, con cuello y puños tejidos a tono. Presenta cartera con 2 botones bicapa blancos y tapacostura interno a tono, que aportan detalle y durabilidad. Confeccionada en jersey peinado 24/1, una tela suave, fresca y de excelente calidad. Es una prenda básica y versátil ideal para uso empresarial o uniforme con estilo clásico y cómodo.",JERSEY PEINADO 24/1 -  100% ALGODÓN
L-WW-CHO-RIB9,Chomba Ribet Unisex Gris topo 3XL,PRODUCTO WORKWEAR,CHOMBA,ECOMMERCE,4,"$34,990.00","$29,741.50","$28,917.36","$11,663.33",chomba-ribet-unisex/chomba-ribet-unisex-gristopo-1,chomba-rivet-unisex.jpg,superiores.jpg,"Chomba manga corta unisex, con cuello y puños tejidos a tono. Presenta cartera con 2 botones bicapa blancos y tapacostura interno a tono, que aportan detalle y durabilidad. Confeccionada en jersey peinado 24/1, una tela suave, fresca y de excelente calidad. Es una prenda básica y versátil ideal para uso empresarial o uniforme con estilo clásico y cómodo.",JERSEY PEINADO 24/1 -  100% ALGODÓN
L-WW-CHO-RIB6,Chomba Ribet Unisex Gris topo L,PRODUCTO WORKWEAR,CHOMBA,ECOMMERCE,15,"$34,990.00","$29,741.50","$28,917.36","$11,663.33",chomba-ribet-unisex/chomba-ribet-unisex-gristopo-1,chomba-rivet-unisex.jpg,superiores.jpg,"Chomba manga corta unisex, con cuello y puños tejidos a tono. Presenta cartera con 2 botones bicapa blancos y tapacostura interno a tono, que aportan detalle y durabilidad. Confeccionada en jersey peinado 24/1, una tela suave, fresca y de excelente calidad. Es una prenda básica y versátil ideal para uso empresarial o uniforme con estilo clásico y cómodo.",JERSEY PEINADO 24/1 -  100% ALGODÓN
L-WW-CHO-RIB5,Chomba Ribet Unisex Gris topo M,PRODUCTO WORKWEAR,CHOMBA,ECOMMERCE,15,"$34,990.00","$29,741.50","$28,917.36","$11,663.33",chomba-ribet-unisex/chomba-ribet-unisex-gristopo-1,chomba-rivet-unisex.jpg,superiores.jpg,"Chomba manga corta unisex, con cuello y puños tejidos a tono. Presenta cartera con 2 botones bicapa blancos y tapacostura interno a tono, que aportan detalle y durabilidad. Confeccionada en jersey peinado 24/1, una tela suave, fresca y de excelente calidad. Es una prenda básica y versátil ideal para uso empresarial o uniforme con estilo clásico y cómodo.",JERSEY PEINADO 24/1 -  100% ALGODÓN
L-WW-CHO-RIB4,Chomba Ribet Unisex Gris topo S,PRODUCTO WORKWEAR,CHOMBA,ECOMMERCE,10,"$34,990.00","$29,741.50","$28,917.36","$11,663.33",chomba-ribet-unisex/chomba-ribet-unisex-gristopo-1,chomba-rivet-unisex.jpg,superiores.jpg,"Chomba manga corta unisex, con cuello y puños tejidos a tono. Presenta cartera con 2 botones bicapa blancos y tapacostura interno a tono, que aportan detalle y durabilidad. Confeccionada en jersey peinado 24/1, una tela suave, fresca y de excelente calidad. Es una prenda básica y versátil ideal para uso empresarial o uniforme con estilo clásico y cómodo.",JERSEY PEINADO 24/1 -  100% ALGODÓN
L-WW-CHO-RIB7,Chomba Ribet Unisex Gris topo XL,PRODUCTO WORKWEAR,CHOMBA,ECOMMERCE,15,"$34,990.00","$29,741.50","$28,917.36","$11,663.33",chomba-ribet-unisex/chomba-ribet-unisex-gristopo-1,chomba-rivet-unisex.jpg,superiores.jpg,"Chomba manga corta unisex, con cuello y puños tejidos a tono. Presenta cartera con 2 botones bicapa blancos y tapacostura interno a tono, que aportan detalle y durabilidad. Confeccionada en jersey peinado 24/1, una tela suave, fresca y de excelente calidad. Es una prenda básica y versátil ideal para uso empresarial o uniforme con estilo clásico y cómodo.",JERSEY PEINADO 24/1 -  100% ALGODÓN
L-WW-CHO-RIB3,Chomba Ribet Unisex Gris topo XS,PRODUCTO WORKWEAR,CHOMBA,ECOMMERCE,6,"$34,990.00","$29,741.50","$28,917.36","$11,663.33",chomba-ribet-unisex/chomba-ribet-unisex-gristopo-1,chomba-rivet-unisex.jpg,superiores.jpg,"Chomba manga corta unisex, con cuello y puños tejidos a tono. Presenta cartera con 2 botones bicapa blancos y tapacostura interno a tono, que aportan detalle y durabilidad. Confeccionada en jersey peinado 24/1, una tela suave, fresca y de excelente calidad. Es una prenda básica y versátil ideal para uso empresarial o uniforme con estilo clásico y cómodo.",JERSEY PEINADO 24/1 -  100% ALGODÓN
L-WW-CHO-RIB41,Chomba Ribet Unisex Negro 2XL,PRODUCTO WORKWEAR,CHOMBA,ECOMMERCE,10,"$34,990.00","$29,741.50","$28,917.36","$11,663.33",chomba-ribet-unisex/chomba-ribet-unisex-negro-1,chomba-rivet-unisex.jpg,superiores.jpg,"Chomba manga corta unisex, con cuello y puños tejidos a tono. Presenta cartera con 2 botones bicapa blancos y tapacostura interno a tono, que aportan detalle y durabilidad. Confeccionada en jersey peinado 24/1, una tela suave, fresca y de excelente calidad. Es una prenda básica y versátil ideal para uso empresarial o uniforme con estilo clásico y cómodo.",JERSEY PEINADO 24/1 -  100% ALGODÓN
L-WW-CHO-RIB35,Chomba Ribet Unisex Negro 2XS,PRODUCTO WORKWEAR,CHOMBA,ECOMMERCE,5,"$34,990.00","$29,741.50","$28,917.36","$11,663.33",chomba-ribet-unisex/chomba-ribet-unisex-negro-1,chomba-rivet-unisex.jpg,superiores.jpg,"Chomba manga corta unisex, con cuello y puños tejidos a tono. Presenta cartera con 2 botones bicapa blancos y tapacostura interno a tono, que aportan detalle y durabilidad. Confeccionada en jersey peinado 24/1, una tela suave, fresca y de excelente calidad. Es una prenda básica y versátil ideal para uso empresarial o uniforme con estilo clásico y cómodo.",JERSEY PEINADO 24/1 -  100% ALGODÓN
L-WW-CHO-RIB42,Chomba Ribet Unisex Negro 3XL,PRODUCTO WORKWEAR,CHOMBA,ECOMMERCE,6,"$34,990.00","$29,741.50","$28,917.36","$11,663.33",chomba-ribet-unisex/chomba-ribet-unisex-negro-1,chomba-rivet-unisex.jpg,superiores.jpg,"Chomba manga corta unisex, con cuello y puños tejidos a tono. Presenta cartera con 2 botones bicapa blancos y tapacostura interno a tono, que aportan detalle y durabilidad. Confeccionada en jersey peinado 24/1, una tela suave, fresca y de excelente calidad. Es una prenda básica y versátil ideal para uso empresarial o uniforme con estilo clásico y cómodo.",JERSEY PEINADO 24/1 -  100% ALGODÓN
L-WW-CHO-RIB39,Chomba Ribet Unisex Negro L,PRODUCTO WORKWEAR,CHOMBA,ECOMMERCE,16,"$34,990.00","$29,741.50","$28,917.36","$11,663.33",chomba-ribet-unisex/chomba-ribet-unisex-negro-1,chomba-rivet-unisex.jpg,superiores.jpg,"Chomba manga corta unisex, con cuello y puños tejidos a tono. Presenta cartera con 2 botones bicapa blancos y tapacostura interno a tono, que aportan detalle y durabilidad. Confeccionada en jersey peinado 24/1, una tela suave, fresca y de excelente calidad. Es una prenda básica y versátil ideal para uso empresarial o uniforme con estilo clásico y cómodo.",JERSEY PEINADO 24/1 -  100% ALGODÓN
L-WW-CHO-RIB38,Chomba Ribet Unisex Negro M,PRODUCTO WORKWEAR,CHOMBA,ECOMMERCE,15,"$34,990.00","$29,741.50","$28,917.36","$11,663.33",chomba-ribet-unisex/chomba-ribet-unisex-negro-1,chomba-rivet-unisex.jpg,superiores.jpg,"Chomba manga corta unisex, con cuello y puños tejidos a tono. Presenta cartera con 2 botones bicapa blancos y tapacostura interno a tono, que aportan detalle y durabilidad. Confeccionada en jersey peinado 24/1, una tela suave, fresca y de excelente calidad. Es una prenda básica y versátil ideal para uso empresarial o uniforme con estilo clásico y cómodo.",JERSEY PEINADO 24/1 -  100% ALGODÓN
L-WW-CHO-RIB37,Chomba Ribet Unisex Negro S,PRODUCTO WORKWEAR,CHOMBA,ECOMMERCE,9,"$34,990.00","$29,741.50","$28,917.36","$11,663.33",chomba-ribet-unisex/chomba-ribet-unisex-negro-1,chomba-rivet-unisex.jpg,superiores.jpg,"Chomba manga corta unisex, con cuello y puños tejidos a tono. Presenta cartera con 2 botones bicapa blancos y tapacostura interno a tono, que aportan detalle y durabilidad. Confeccionada en jersey peinado 24/1, una tela suave, fresca y de excelente calidad. Es una prenda básica y versátil ideal para uso empresarial o uniforme con estilo clásico y cómodo.",JERSEY PEINADO 24/1 -  100% ALGODÓN
L-WW-CHO-RIB40,Chomba Ribet Unisex Negro XL,PRODUCTO WORKWEAR,CHOMBA,ECOMMERCE,16,"$34,990.00","$29,741.50","$28,917.36","$11,663.33",chomba-ribet-unisex/chomba-ribet-unisex-negro-1,chomba-rivet-unisex.jpg,superiores.jpg,"Chomba manga corta unisex, con cuello y puños tejidos a tono. Presenta cartera con 2 botones bicapa blancos y tapacostura interno a tono, que aportan detalle y durabilidad. Confeccionada en jersey peinado 24/1, una tela suave, fresca y de excelente calidad. Es una prenda básica y versátil ideal para uso empresarial o uniforme con estilo clásico y cómodo.",JERSEY PEINADO 24/1 -  100% ALGODÓN
L-WW-CHO-RIB36,Chomba Ribet Unisex Negro XS,PRODUCTO WORKWEAR,CHOMBA,ECOMMERCE,6,"$34,990.00","$29,741.50","$28,917.36","$11,663.33",chomba-ribet-unisex/chomba-ribet-unisex-negro-1,chomba-rivet-unisex.jpg,superiores.jpg,"Chomba manga corta unisex, con cuello y puños tejidos a tono. Presenta cartera con 2 botones bicapa blancos y tapacostura interno a tono, que aportan detalle y durabilidad. Confeccionada en jersey peinado 24/1, una tela suave, fresca y de excelente calidad. Es una prenda básica y versátil ideal para uso empresarial o uniforme con estilo clásico y cómodo.",JERSEY PEINADO 24/1 -  100% ALGODÓN
L-WW-PAN-JFL12,Jean Flow Dama Lavado Oscuro 34,PRODUCTO WORKWEAR,PANTALON,ECOMMERCE,15,"$54,990.00","$46,741.50","$45,446.28","$18,330.00",pantalon-jean-flow-dama/pantalon-jean-flow-dama-oscuro-1,pantalon-jean-flow-dama.jpg,pantalon-jean.jpg,"Pantalón corte jean regular, clásico y cómodo, ideal para uso diario o uniforme casual. Diseñado con costuras a contratono en color cobre y avíos metálicos que realzan su estilo tradicional. Confeccionado en denim con spandex color azul, que aporta elasticidad, resistencia y confort en cada movimiento. Una prenda versátil, durable y con un calce perfecto.",DENIM C/SPANDEX ATENEA - 81%ALGOGÓN / 17% POLIESTER / 2% ELASTANO
L-WW-PAN-JFL13,Jean Flow Dama Lavado Oscuro 36,PRODUCTO WORKWEAR,PANTALON,ECOMMERCE,10,"$54,990.00","$46,741.50","$45,446.28","$18,330.00",pantalon-jean-flow-dama/pantalon-jean-flow-dama-oscuro-1,pantalon-jean-flow-dama.jpg,pantalon-jean.jpg,"Pantalón corte jean regular, clásico y cómodo, ideal para uso diario o uniforme casual. Diseñado con costuras a contratono en color cobre y avíos metálicos que realzan su estilo tradicional. Confeccionado en denim con spandex color azul, que aporta elasticidad, resistencia y confort en cada movimiento. Una prenda versátil, durable y con un calce perfecto.",DENIM C/SPANDEX ATENEA - 81%ALGOGÓN / 17% POLIESTER / 2% ELASTANO
L-WW-PAN-JFL14,Jean Flow Dama Lavado Oscuro 38,PRODUCTO WORKWEAR,PANTALON,ECOMMERCE,20,"$54,990.00","$46,741.50","$45,446.28","$18,330.00",pantalon-jean-flow-dama/pantalon-jean-flow-dama-oscuro-1,pantalon-jean-flow-dama.jpg,pantalon-jean.jpg,"Pantalón corte jean regular, clásico y cómodo, ideal para uso diario o uniforme casual. Diseñado con costuras a contratono en color cobre y avíos metálicos que realzan su estilo tradicional. Confeccionado en denim con spandex color azul, que aporta elasticidad, resistencia y confort en cada movimiento. Una prenda versátil, durable y con un calce perfecto.",DENIM C/SPANDEX ATENEA - 81%ALGOGÓN / 17% POLIESTER / 2% ELASTANO
L-WW-PAN-JFL15,Jean Flow Dama Lavado Oscuro 40,PRODUCTO WORKWEAR,PANTALON,ECOMMERCE,20,"$54,990.00","$46,741.50","$45,446.28","$18,330.00",pantalon-jean-flow-dama/pantalon-jean-flow-dama-oscuro-1,pantalon-jean-flow-dama.jpg,pantalon-jean.jpg,"Pantalón corte jean regular, clásico y cómodo, ideal para uso diario o uniforme casual. Diseñado con costuras a contratono en color cobre y avíos metálicos que realzan su estilo tradicional. Confeccionado en denim con spandex color azul, que aporta elasticidad, resistencia y confort en cada movimiento. Una prenda versátil, durable y con un calce perfecto.",DENIM C/SPANDEX ATENEA - 81%ALGOGÓN / 17% POLIESTER / 2% ELASTANO
L-WW-PAN-JFL16,Jean Flow Dama Lavado Oscuro 42,PRODUCTO WORKWEAR,PANTALON,ECOMMERCE,20,"$54,990.00","$46,741.50","$45,446.28","$18,330.00",pantalon-jean-flow-dama/pantalon-jean-flow-dama-oscuro-1,pantalon-jean-flow-dama.jpg,pantalon-jean.jpg,"Pantalón corte jean regular, clásico y cómodo, ideal para uso diario o uniforme casual. Diseñado con costuras a contratono en color cobre y avíos metálicos que realzan su estilo tradicional. Confeccionado en denim con spandex color azul, que aporta elasticidad, resistencia y confort en cada movimiento. Una prenda versátil, durable y con un calce perfecto.",DENIM C/SPANDEX ATENEA - 81%ALGOGÓN / 17% POLIESTER / 2% ELASTANO
L-WW-PAN-JFL17,Jean Flow Dama Lavado Oscuro 44,PRODUCTO WORKWEAR,PANTALON,ECOMMERCE,19,"$54,990.00","$46,741.50","$45,446.28","$18,330.00",pantalon-jean-flow-dama/pantalon-jean-flow-dama-oscuro-1,pantalon-jean-flow-dama.jpg,pantalon-jean.jpg,"Pantalón corte jean regular, clásico y cómodo, ideal para uso diario o uniforme casual. Diseñado con costuras a contratono en color cobre y avíos metálicos que realzan su estilo tradicional. Confeccionado en denim con spandex color azul, que aporta elasticidad, resistencia y confort en cada movimiento. Una prenda versátil, durable y con un calce perfecto.",DENIM C/SPANDEX ATENEA - 81%ALGOGÓN / 17% POLIESTER / 2% ELASTANO
L-WW-PAN-JFL18,Jean Flow Dama Lavado Oscuro 46,PRODUCTO WORKWEAR,PANTALON,ECOMMERCE,10,"$54,990.00","$46,741.50","$45,446.28","$18,330.00",pantalon-jean-flow-dama/pantalon-jean-flow-dama-oscuro-1,pantalon-jean-flow-dama.jpg,pantalon-jean.jpg,"Pantalón corte jean regular, clásico y cómodo, ideal para uso diario o uniforme casual. Diseñado con costuras a contratono en color cobre y avíos metálicos que realzan su estilo tradicional. Confeccionado en denim con spandex color azul, que aporta elasticidad, resistencia y confort en cada movimiento. Una prenda versátil, durable y con un calce perfecto.",DENIM C/SPANDEX ATENEA - 81%ALGOGÓN / 17% POLIESTER / 2% ELASTANO
L-WW-PAN-JFL19,Jean Flow Dama Lavado Oscuro 48,PRODUCTO WORKWEAR,PANTALON,ECOMMERCE,9,"$54,990.00","$46,741.50","$45,446.28","$18,330.00",pantalon-jean-flow-dama/pantalon-jean-flow-dama-oscuro-1,pantalon-jean-flow-dama.jpg,pantalon-jean.jpg,"Pantalón corte jean regular, clásico y cómodo, ideal para uso diario o uniforme casual. Diseñado con costuras a contratono en color cobre y avíos metálicos que realzan su estilo tradicional. Confeccionado en denim con spandex color azul, que aporta elasticidad, resistencia y confort en cada movimiento. Una prenda versátil, durable y con un calce perfecto.",DENIM C/SPANDEX ATENEA - 81%ALGOGÓN / 17% POLIESTER / 2% ELASTANO
L-WW-PAN-JFL2,Jean Flow Hombre Lavado Oscuro 38,PRODUCTO WORKWEAR,PANTALON,ECOMMERCE,18,"$55,990.00","$47,591.50","$46,272.73","$18,663.33",pantalon-jean-flow-hombre/pantalon-jean-flow-hombre-oscuro-1,pantalon-jean-flow-hombre.jpg,pantalon-jean.jpg,"Pantalón corte jean regular, clásico y cómodo, ideal para uso diario o uniforme casual. Diseñado con costuras a contratono en color cobre y avíos metálicos que realzan su estilo tradicional. Confeccionado en denim con spandex color azul, que aporta elasticidad, resistencia y confort en cada movimiento. Una prenda versátil, durable y con un calce perfecto.",DENIM C/SPANDEX ATENEA - 81%ALGOGÓN / 17% POLIESTER / 2% ELASTANO
L-WW-PAN-JFL3,Jean Flow Hombre Lavado Oscuro 40,PRODUCTO WORKWEAR,PANTALON,ECOMMERCE,34,"$55,990.00","$47,591.50","$46,272.73","$18,663.33",pantalon-jean-flow-hombre/pantalon-jean-flow-hombre-oscuro-1,pantalon-jean-flow-hombre.jpg,pantalon-jean.jpg,"Pantalón corte jean regular, clásico y cómodo, ideal para uso diario o uniforme casual. Diseñado con costuras a contratono en color cobre y avíos metálicos que realzan su estilo tradicional. Confeccionado en denim con spandex color azul, que aporta elasticidad, resistencia y confort en cada movimiento. Una prenda versátil, durable y con un calce perfecto.",DENIM C/SPANDEX ATENEA - 81%ALGOGÓN / 17% POLIESTER / 2% ELASTANO
L-WW-PAN-JFL4,Jean Flow Hombre Lavado Oscuro 42,PRODUCTO WORKWEAR,PANTALON,ECOMMERCE,49,"$55,990.00","$47,591.50","$46,272.73","$18,663.33",pantalon-jean-flow-hombre/pantalon-jean-flow-hombre-oscuro-1,pantalon-jean-flow-hombre.jpg,pantalon-jean.jpg,"Pantalón corte jean regular, clásico y cómodo, ideal para uso diario o uniforme casual. Diseñado con costuras a contratono en color cobre y avíos metálicos que realzan su estilo tradicional. Confeccionado en denim con spandex color azul, que aporta elasticidad, resistencia y confort en cada movimiento. Una prenda versátil, durable y con un calce perfecto.",DENIM C/SPANDEX ATENEA - 81%ALGOGÓN / 17% POLIESTER / 2% ELASTANO
L-WW-PAN-JFL5,Jean Flow Hombre Lavado Oscuro 44,PRODUCTO WORKWEAR,PANTALON,ECOMMERCE,45,"$55,990.00","$47,591.50","$46,272.73","$18,663.33",pantalon-jean-flow-hombre/pantalon-jean-flow-hombre-oscuro-1,pantalon-jean-flow-hombre.jpg,pantalon-jean.jpg,"Pantalón corte jean regular, clásico y cómodo, ideal para uso diario o uniforme casual. Diseñado con costuras a contratono en color cobre y avíos metálicos que realzan su estilo tradicional. Confeccionado en denim con spandex color azul, que aporta elasticidad, resistencia y confort en cada movimiento. Una prenda versátil, durable y con un calce perfecto.",DENIM C/SPANDEX ATENEA - 81%ALGOGÓN / 17% POLIESTER / 2% ELASTANO
L-WW-PAN-JFL6,Jean Flow Hombre Lavado Oscuro 46,PRODUCTO WORKWEAR,PANTALON,ECOMMERCE,49,"$55,990.00","$47,591.50","$46,272.73","$18,663.33",pantalon-jean-flow-hombre/pantalon-jean-flow-hombre-oscuro-1,pantalon-jean-flow-hombre.jpg,pantalon-jean.jpg,"Pantalón corte jean regular, clásico y cómodo, ideal para uso diario o uniforme casual. Diseñado con costuras a contratono en color cobre y avíos metálicos que realzan su estilo tradicional. Confeccionado en denim con spandex color azul, que aporta elasticidad, resistencia y confort en cada movimiento. Una prenda versátil, durable y con un calce perfecto.",DENIM C/SPANDEX ATENEA - 81%ALGOGÓN / 17% POLIESTER / 2% ELASTANO
L-WW-PAN-JFL7,Jean Flow Hombre Lavado Oscuro 48,PRODUCTO WORKWEAR,PANTALON,ECOMMERCE,38,"$55,990.00","$47,591.50","$46,272.73","$18,663.33",pantalon-jean-flow-hombre/pantalon-jean-flow-hombre-oscuro-1,pantalon-jean-flow-hombre.jpg,pantalon-jean.jpg,"Pantalón corte jean regular, clásico y cómodo, ideal para uso diario o uniforme casual. Diseñado con costuras a contratono en color cobre y avíos metálicos que realzan su estilo tradicional. Confeccionado en denim con spandex color azul, que aporta elasticidad, resistencia y confort en cada movimiento. Una prenda versátil, durable y con un calce perfecto.",DENIM C/SPANDEX ATENEA - 81%ALGOGÓN / 17% POLIESTER / 2% ELASTANO
L-WW-PAN-JFL8,Jean Flow Hombre Lavado Oscuro 50,PRODUCTO WORKWEAR,PANTALON,ECOMMERCE,30,"$55,990.00","$47,591.50","$46,272.73","$18,663.33",pantalon-jean-flow-hombre/pantalon-jean-flow-hombre-oscuro-1,pantalon-jean-flow-hombre.jpg,pantalon-jean.jpg,"Pantalón corte jean regular, clásico y cómodo, ideal para uso diario o uniforme casual. Diseñado con costuras a contratono en color cobre y avíos metálicos que realzan su estilo tradicional. Confeccionado en denim con spandex color azul, que aporta elasticidad, resistencia y confort en cada movimiento. Una prenda versátil, durable y con un calce perfecto.",DENIM C/SPANDEX ATENEA - 81%ALGOGÓN / 17% POLIESTER / 2% ELASTANO
L-WW-PAN-JFL9,Jean Flow Hombre Lavado Oscuro 52,PRODUCTO WORKWEAR,PANTALON,ECOMMERCE,19,"$55,990.00","$47,591.50","$46,272.73","$18,663.33",pantalon-jean-flow-hombre/pantalon-jean-flow-hombre-oscuro-1,pantalon-jean-flow-hombre.jpg,pantalon-jean.jpg,"Pantalón corte jean regular, clásico y cómodo, ideal para uso diario o uniforme casual. Diseñado con costuras a contratono en color cobre y avíos metálicos que realzan su estilo tradicional. Confeccionado en denim con spandex color azul, que aporta elasticidad, resistencia y confort en cada movimiento. Una prenda versátil, durable y con un calce perfecto.",DENIM C/SPANDEX ATENEA - 81%ALGOGÓN / 17% POLIESTER / 2% ELASTANO
L-WW-REM-BASS20,Remera Base Unisex Azul Marino 2XL,PRODUCTO WORKWEAR,REMERA,ECOMMERCE,20,"$19,990.00","$16,991.50","$16,520.66","$6,663.33",remera-base-unisex/remera-base-unisex-azulmarino-1,remera-base-unisex.jpg,superiores.jpg,"Remera manga corta unisex con cuello base y rib a tono, diseñada para un calce cómodo y versátil. Incluye tapacostura reforzado de hombro a hombro, que mejora la durabilidad y el acabado. Confeccionada en jersey peinado 24/1, una tela suave, fresca y de excelente calidad. Ideal para uso diario o como prenda base en uniformes empresariales.",JERSEY PEINADO 24/1 -  100% ALGODÓN
L-WW-REM-BASS52,Remera Base Unisex Azul Marino 2XS,PRODUCTO WORKWEAR,REMERA,ECOMMERCE,9,"$19,990.00","$16,991.50","$16,520.66","$6,663.33",remera-base-unisex/remera-base-unisex-azulmarino-1,remera-base-unisex.jpg,superiores.jpg,"Remera manga corta unisex con cuello base y rib a tono, diseñada para un calce cómodo y versátil. Incluye tapacostura reforzado de hombro a hombro, que mejora la durabilidad y el acabado. Confeccionada en jersey peinado 24/1, una tela suave, fresca y de excelente calidad. Ideal para uso diario o como prenda base en uniformes empresariales.",JERSEY PEINADO 24/1 -  100% ALGODÓN
L-WW-REM-BASS21,Remera Base Unisex Azul Marino 3XL,PRODUCTO WORKWEAR,REMERA,ECOMMERCE,10,"$19,990.00","$16,991.50","$16,520.66","$6,663.33",remera-base-unisex/remera-base-unisex-azulmarino-1,remera-base-unisex.jpg,superiores.jpg,"Remera manga corta unisex con cuello base y rib a tono, diseñada para un calce cómodo y versátil. Incluye tapacostura reforzado de hombro a hombro, que mejora la durabilidad y el acabado. Confeccionada en jersey peinado 24/1, una tela suave, fresca y de excelente calidad. Ideal para uso diario o como prenda base en uniformes empresariales.",JERSEY PEINADO 24/1 -  100% ALGODÓN
L-WW-REM-BASS18,Remera Base Unisex Azul Marino L,PRODUCTO WORKWEAR,REMERA,ECOMMERCE,30,"$19,990.00","$16,991.50","$16,520.66","$6,663.33",remera-base-unisex/remera-base-unisex-azulmarino-1,remera-base-unisex.jpg,superiores.jpg,"Remera manga corta unisex con cuello base y rib a tono, diseñada para un calce cómodo y versátil. Incluye tapacostura reforzado de hombro a hombro, que mejora la durabilidad y el acabado. Confeccionada en jersey peinado 24/1, una tela suave, fresca y de excelente calidad. Ideal para uso diario o como prenda base en uniformes empresariales.",JERSEY PEINADO 24/1 -  100% ALGODÓN
L-WW-REM-BASS17,Remera Base Unisex Azul Marino M,PRODUCTO WORKWEAR,REMERA,ECOMMERCE,30,"$19,990.00","$16,991.50","$16,520.66","$6,663.33",remera-base-unisex/remera-base-unisex-azulmarino-1,remera-base-unisex.jpg,superiores.jpg,"Remera manga corta unisex con cuello base y rib a tono, diseñada para un calce cómodo y versátil. Incluye tapacostura reforzado de hombro a hombro, que mejora la durabilidad y el acabado. Confeccionada en jersey peinado 24/1, una tela suave, fresca y de excelente calidad. Ideal para uso diario o como prenda base en uniformes empresariales.",JERSEY PEINADO 24/1 -  100% ALGODÓN
L-WW-REM-BASS16,Remera Base Unisex Azul Marino S,PRODUCTO WORKWEAR,REMERA,ECOMMERCE,20,"$19,990.00","$16,991.50","$16,520.66","$6,663.33",remera-base-unisex/remera-base-unisex-azulmarino-1,remera-base-unisex.jpg,superiores.jpg,"Remera manga corta unisex con cuello base y rib a tono, diseñada para un calce cómodo y versátil. Incluye tapacostura reforzado de hombro a hombro, que mejora la durabilidad y el acabado. Confeccionada en jersey peinado 24/1, una tela suave, fresca y de excelente calidad. Ideal para uso diario o como prenda base en uniformes empresariales.",JERSEY PEINADO 24/1 -  100% ALGODÓN
L-WW-REM-BASS19,Remera Base Unisex Azul Marino XL,PRODUCTO WORKWEAR,REMERA,ECOMMERCE,30,"$19,990.00","$16,991.50","$16,520.66","$6,663.33",remera-base-unisex/remera-base-unisex-azulmarino-1,remera-base-unisex.jpg,superiores.jpg,"Remera manga corta unisex con cuello base y rib a tono, diseñada para un calce cómodo y versátil. Incluye tapacostura reforzado de hombro a hombro, que mejora la durabilidad y el acabado. Confeccionada en jersey peinado 24/1, una tela suave, fresca y de excelente calidad. Ideal para uso diario o como prenda base en uniformes empresariales.",JERSEY PEINADO 24/1 -  100% ALGODÓN
L-WW-REM-BASS15,Remera Base Unisex Azul Marino XS,PRODUCTO WORKWEAR,REMERA,ECOMMERCE,10,"$19,990.00","$16,991.50","$16,520.66","$6,663.33",remera-base-unisex/remera-base-unisex-azulmarino-1,remera-base-unisex.jpg,superiores.jpg,"Remera manga corta unisex con cuello base y rib a tono, diseñada para un calce cómodo y versátil. Incluye tapacostura reforzado de hombro a hombro, que mejora la durabilidad y el acabado. Confeccionada en jersey peinado 24/1, una tela suave, fresca y de excelente calidad. Ideal para uso diario o como prenda base en uniformes empresariales.",JERSEY PEINADO 24/1 -  100% ALGODÓN
L-WW-REM-BASS34,Remera Base Unisex Blanco 2XL,PRODUCTO WORKWEAR,REMERA,ECOMMERCE,8,"$19,990.00","$16,991.50","$16,520.66","$6,663.33",remera-base-unisex/remera-base-unisex-blanco-1,remera-base-unisex.jpg,superiores.jpg,"Remera manga corta unisex con cuello base y rib a tono, diseñada para un calce cómodo y versátil. Incluye tapacostura reforzado de hombro a hombro, que mejora la durabilidad y el acabado. Confeccionada en jersey peinado 24/1, una tela suave, fresca y de excelente calidad. Ideal para uso diario o como prenda base en uniformes empresariales.",JERSEY PEINADO 24/1 -  100% ALGODÓN
L-WW-REM-BASS53,Remera Base Unisex Blanco 2XS,PRODUCTO WORKWEAR,REMERA,ECOMMERCE,6,"$19,990.00","$16,991.50","$16,520.66","$6,663.33",remera-base-unisex/remera-base-unisex-blanco-1,remera-base-unisex.jpg,superiores.jpg,"Remera manga corta unisex con cuello base y rib a tono, diseñada para un calce cómodo y versátil. Incluye tapacostura reforzado de hombro a hombro, que mejora la durabilidad y el acabado. Confeccionada en jersey peinado 24/1, una tela suave, fresca y de excelente calidad. Ideal para uso diario o como prenda base en uniformes empresariales.",JERSEY PEINADO 24/1 -  100% ALGODÓN
L-WW-REM-BASS35,Remera Base Unisex Blanco 3XL,PRODUCTO WORKWEAR,REMERA,ECOMMERCE,6,"$19,990.00","$16,991.50","$16,520.66","$6,663.33",remera-base-unisex/remera-base-unisex-blanco-1,remera-base-unisex.jpg,superiores.jpg,"Remera manga corta unisex con cuello base y rib a tono, diseñada para un calce cómodo y versátil. Incluye tapacostura reforzado de hombro a hombro, que mejora la durabilidad y el acabado. Confeccionada en jersey peinado 24/1, una tela suave, fresca y de excelente calidad. Ideal para uso diario o como prenda base en uniformes empresariales.",JERSEY PEINADO 24/1 -  100% ALGODÓN
L-WW-REM-BASS32,Remera Base Unisex Blanco L,PRODUCTO WORKWEAR,REMERA,ECOMMERCE,6,"$19,990.00","$16,991.50","$16,520.66","$6,663.33",remera-base-unisex/remera-base-unisex-blanco-1,remera-base-unisex.jpg,superiores.jpg,"Remera manga corta unisex con cuello base y rib a tono, diseñada para un calce cómodo y versátil. Incluye tapacostura reforzado de hombro a hombro, que mejora la durabilidad y el acabado. Confeccionada en jersey peinado 24/1, una tela suave, fresca y de excelente calidad. Ideal para uso diario o como prenda base en uniformes empresariales.",JERSEY PEINADO 24/1 -  100% ALGODÓN
L-WW-REM-BASS31,Remera Base Unisex Blanco M,PRODUCTO WORKWEAR,REMERA,ECOMMERCE,16,"$19,990.00","$16,991.50","$16,520.66","$6,663.33",remera-base-unisex/remera-base-unisex-blanco-1,remera-base-unisex.jpg,superiores.jpg,"Remera manga corta unisex con cuello base y rib a tono, diseñada para un calce cómodo y versátil. Incluye tapacostura reforzado de hombro a hombro, que mejora la durabilidad y el acabado. Confeccionada en jersey peinado 24/1, una tela suave, fresca y de excelente calidad. Ideal para uso diario o como prenda base en uniformes empresariales.",JERSEY PEINADO 24/1 -  100% ALGODÓN
L-WW-REM-BASS30,Remera Base Unisex Blanco S,PRODUCTO WORKWEAR,REMERA,ECOMMERCE,10,"$19,990.00","$16,991.50","$16,520.66","$6,663.33",remera-base-unisex/remera-base-unisex-blanco-1,remera-base-unisex.jpg,superiores.jpg,"Remera manga corta unisex con cuello base y rib a tono, diseñada para un calce cómodo y versátil. Incluye tapacostura reforzado de hombro a hombro, que mejora la durabilidad y el acabado. Confeccionada en jersey peinado 24/1, una tela suave, fresca y de excelente calidad. Ideal para uso diario o como prenda base en uniformes empresariales.",JERSEY PEINADO 24/1 -  100% ALGODÓN
L-WW-REM-BASS33,Remera Base Unisex Blanco XL,PRODUCTO WORKWEAR,REMERA,ECOMMERCE,16,"$19,990.00","$16,991.50","$16,520.66","$6,663.33",remera-base-unisex/remera-base-unisex-blanco-1,remera-base-unisex.jpg,superiores.jpg,"Remera manga corta unisex con cuello base y rib a tono, diseñada para un calce cómodo y versátil. Incluye tapacostura reforzado de hombro a hombro, que mejora la durabilidad y el acabado. Confeccionada en jersey peinado 24/1, una tela suave, fresca y de excelente calidad. Ideal para uso diario o como prenda base en uniformes empresariales.",JERSEY PEINADO 24/1 -  100% ALGODÓN
L-WW-REM-BASS29,Remera Base Unisex Blanco XS,PRODUCTO WORKWEAR,REMERA,ECOMMERCE,6,"$19,990.00","$16,991.50","$16,520.66","$6,663.33",remera-base-unisex/remera-base-unisex-blanco-1,remera-base-unisex.jpg,superiores.jpg,"Remera manga corta unisex con cuello base y rib a tono, diseñada para un calce cómodo y versátil. Incluye tapacostura reforzado de hombro a hombro, que mejora la durabilidad y el acabado. Confeccionada en jersey peinado 24/1, una tela suave, fresca y de excelente calidad. Ideal para uso diario o como prenda base en uniformes empresariales.",JERSEY PEINADO 24/1 -  100% ALGODÓN
L-WW-REM-BASS13,Remera Base Unisex Gris Melange 2XL,PRODUCTO WORKWEAR,REMERA,ECOMMERCE,20,"$19,990.00","$16,991.50","$16,520.66","$6,663.33",remera-base-unisex/remera-base-unisex-grismelange-1,remera-base-unisex.jpg,superiores.jpg,"Remera manga corta unisex con cuello base y rib a tono, diseñada para un calce cómodo y versátil. Incluye tapacostura reforzado de hombro a hombro, que mejora la durabilidad y el acabado. Confeccionada en jersey peinado 24/1, una tela suave, fresca y de excelente calidad. Ideal para uso diario o como prenda base en uniformes empresariales.",JERSEY PEINADO 24/1 -  100% ALGODÓN
L-WW-REM-BASS48,Remera Base Unisex Gris Melange 2XS,PRODUCTO WORKWEAR,REMERA,ECOMMERCE,10,"$19,990.00","$16,991.50","$16,520.66","$6,663.33",remera-base-unisex/remera-base-unisex-grismelange-1,remera-base-unisex.jpg,superiores.jpg,"Remera manga corta unisex con cuello base y rib a tono, diseñada para un calce cómodo y versátil. Incluye tapacostura reforzado de hombro a hombro, que mejora la durabilidad y el acabado. Confeccionada en jersey peinado 24/1, una tela suave, fresca y de excelente calidad. Ideal para uso diario o como prenda base en uniformes empresariales.",JERSEY PEINADO 24/1 -  100% ALGODÓN
L-WW-REM-BASS14,Remera Base Unisex Gris Melange 3XL,PRODUCTO WORKWEAR,REMERA,ECOMMERCE,10,"$19,990.00","$16,991.50","$16,520.66","$6,663.33",remera-base-unisex/remera-base-unisex-grismelange-1,remera-base-unisex.jpg,superiores.jpg,"Remera manga corta unisex con cuello base y rib a tono, diseñada para un calce cómodo y versátil. Incluye tapacostura reforzado de hombro a hombro, que mejora la durabilidad y el acabado. Confeccionada en jersey peinado 24/1, una tela suave, fresca y de excelente calidad. Ideal para uso diario o como prenda base en uniformes empresariales.",JERSEY PEINADO 24/1 -  100% ALGODÓN
L-WW-REM-BASS11,Remera Base Unisex Gris Melange L,PRODUCTO WORKWEAR,REMERA,ECOMMERCE,29,"$19,990.00","$16,991.50","$16,520.66","$6,663.33",remera-base-unisex/remera-base-unisex-grismelange-1,remera-base-unisex.jpg,superiores.jpg,"Remera manga corta unisex con cuello base y rib a tono, diseñada para un calce cómodo y versátil. Incluye tapacostura reforzado de hombro a hombro, que mejora la durabilidad y el acabado. Confeccionada en jersey peinado 24/1, una tela suave, fresca y de excelente calidad. Ideal para uso diario o como prenda base en uniformes empresariales.",JERSEY PEINADO 24/1 -  100% ALGODÓN
L-WW-REM-BASS10,Remera Base Unisex Gris Melange M,PRODUCTO WORKWEAR,REMERA,ECOMMERCE,29,"$19,990.00","$16,991.50","$16,520.66","$6,663.33",remera-base-unisex/remera-base-unisex-grismelange-1,remera-base-unisex.jpg,superiores.jpg,"Remera manga corta unisex con cuello base y rib a tono, diseñada para un calce cómodo y versátil. Incluye tapacostura reforzado de hombro a hombro, que mejora la durabilidad y el acabado. Confeccionada en jersey peinado 24/1, una tela suave, fresca y de excelente calidad. Ideal para uso diario o como prenda base en uniformes empresariales.",JERSEY PEINADO 24/1 -  100% ALGODÓN
L-WW-REM-BASS9,Remera Base Unisex Gris Melange S,PRODUCTO WORKWEAR,REMERA,ECOMMERCE,20,"$19,990.00","$16,991.50","$16,520.66","$6,663.33",remera-base-unisex/remera-base-unisex-grismelange-1,remera-base-unisex.jpg,superiores.jpg,"Remera manga corta unisex con cuello base y rib a tono, diseñada para un calce cómodo y versátil. Incluye tapacostura reforzado de hombro a hombro, que mejora la durabilidad y el acabado. Confeccionada en jersey peinado 24/1, una tela suave, fresca y de excelente calidad. Ideal para uso diario o como prenda base en uniformes empresariales.",JERSEY PEINADO 24/1 -  100% ALGODÓN
L-WW-REM-BASS12,Remera Base Unisex Gris Melange XL,PRODUCTO WORKWEAR,REMERA,ECOMMERCE,30,"$19,990.00","$16,991.50","$16,520.66","$6,663.33",remera-base-unisex/remera-base-unisex-grismelange-1,remera-base-unisex.jpg,superiores.jpg,"Remera manga corta unisex con cuello base y rib a tono, diseñada para un calce cómodo y versátil. Incluye tapacostura reforzado de hombro a hombro, que mejora la durabilidad y el acabado. Confeccionada en jersey peinado 24/1, una tela suave, fresca y de excelente calidad. Ideal para uso diario o como prenda base en uniformes empresariales.",JERSEY PEINADO 24/1 -  100% ALGODÓN
L-WW-REM-BASS8,Remera Base Unisex Gris Melange XS,PRODUCTO WORKWEAR,REMERA,ECOMMERCE,10,"$19,990.00","$16,991.50","$16,520.66","$6,663.33",remera-base-unisex/remera-base-unisex-grismelange-1,remera-base-unisex.jpg,superiores.jpg,"Remera manga corta unisex con cuello base y rib a tono, diseñada para un calce cómodo y versátil. Incluye tapacostura reforzado de hombro a hombro, que mejora la durabilidad y el acabado. Confeccionada en jersey peinado 24/1, una tela suave, fresca y de excelente calidad. Ideal para uso diario o como prenda base en uniformes empresariales.",JERSEY PEINADO 24/1 -  100% ALGODÓN
L-WW-REM-BASS27,Remera Base Unisex Negro 2XL,PRODUCTO WORKWEAR,REMERA,ECOMMERCE,20,"$19,990.00","$16,991.50","$16,520.66","$6,663.33",remera-base-unisex/remera-base-unisex-negro-1,remera-base-unisex.jpg,superiores.jpg,"Remera manga corta unisex con cuello base y rib a tono, diseñada para un calce cómodo y versátil. Incluye tapacostura reforzado de hombro a hombro, que mejora la durabilidad y el acabado. Confeccionada en jersey peinado 24/1, una tela suave, fresca y de excelente calidad. Ideal para uso diario o como prenda base en uniformes empresariales.",JERSEY PEINADO 24/1 -  100% ALGODÓN
L-WW-REM-BASS49,Remera Base Unisex Negro 2XS,PRODUCTO WORKWEAR,REMERA,ECOMMERCE,9,"$19,990.00","$16,991.50","$16,520.66","$6,663.33",remera-base-unisex/remera-base-unisex-negro-1,remera-base-unisex.jpg,superiores.jpg,"Remera manga corta unisex con cuello base y rib a tono, diseñada para un calce cómodo y versátil. Incluye tapacostura reforzado de hombro a hombro, que mejora la durabilidad y el acabado. Confeccionada en jersey peinado 24/1, una tela suave, fresca y de excelente calidad. Ideal para uso diario o como prenda base en uniformes empresariales.",JERSEY PEINADO 24/1 -  100% ALGODÓN
L-WW-REM-BASS28,Remera Base Unisex Negro 3XL,PRODUCTO WORKWEAR,REMERA,ECOMMERCE,10,"$19,990.00","$16,991.50","$16,520.66","$6,663.33",remera-base-unisex/remera-base-unisex-negro-1,remera-base-unisex.jpg,superiores.jpg,"Remera manga corta unisex con cuello base y rib a tono, diseñada para un calce cómodo y versátil. Incluye tapacostura reforzado de hombro a hombro, que mejora la durabilidad y el acabado. Confeccionada en jersey peinado 24/1, una tela suave, fresca y de excelente calidad. Ideal para uso diario o como prenda base en uniformes empresariales.",JERSEY PEINADO 24/1 -  100% ALGODÓN
L-WW-REM-BASS25,Remera Base Unisex Negro L,PRODUCTO WORKWEAR,REMERA,ECOMMERCE,30,"$19,990.00","$16,991.50","$16,520.66","$6,663.33",remera-base-unisex/remera-base-unisex-negro-1,remera-base-unisex.jpg,superiores.jpg,"Remera manga corta unisex con cuello base y rib a tono, diseñada para un calce cómodo y versátil. Incluye tapacostura reforzado de hombro a hombro, que mejora la durabilidad y el acabado. Confeccionada en jersey peinado 24/1, una tela suave, fresca y de excelente calidad. Ideal para uso diario o como prenda base en uniformes empresariales.",JERSEY PEINADO 24/1 -  100% ALGODÓN
L-WW-REM-BASS24,Remera Base Unisex Negro M,PRODUCTO WORKWEAR,REMERA,ECOMMERCE,29,"$19,990.00","$16,991.50","$16,520.66","$6,663.33",remera-base-unisex/remera-base-unisex-negro-1,remera-base-unisex.jpg,superiores.jpg,"Remera manga corta unisex con cuello base y rib a tono, diseñada para un calce cómodo y versátil. Incluye tapacostura reforzado de hombro a hombro, que mejora la durabilidad y el acabado. Confeccionada en jersey peinado 24/1, una tela suave, fresca y de excelente calidad. Ideal para uso diario o como prenda base en uniformes empresariales.",JERSEY PEINADO 24/1 -  100% ALGODÓN
L-WW-REM-BASS23,Remera Base Unisex Negro S,PRODUCTO WORKWEAR,REMERA,ECOMMERCE,20,"$19,990.00","$16,991.50","$16,520.66","$6,663.33",remera-base-unisex/remera-base-unisex-negro-1,remera-base-unisex.jpg,superiores.jpg,"Remera manga corta unisex con cuello base y rib a tono, diseñada para un calce cómodo y versátil. Incluye tapacostura reforzado de hombro a hombro, que mejora la durabilidad y el acabado. Confeccionada en jersey peinado 24/1, una tela suave, fresca y de excelente calidad. Ideal para uso diario o como prenda base en uniformes empresariales.",JERSEY PEINADO 24/1 -  100% ALGODÓN
L-WW-REM-BASS26,Remera Base Unisex Negro XL,PRODUCTO WORKWEAR,REMERA,ECOMMERCE,30,"$19,990.00","$16,991.50","$16,520.66","$6,663.33",remera-base-unisex/remera-base-unisex-negro-1,remera-base-unisex.jpg,superiores.jpg,"Remera manga corta unisex con cuello base y rib a tono, diseñada para un calce cómodo y versátil. Incluye tapacostura reforzado de hombro a hombro, que mejora la durabilidad y el acabado. Confeccionada en jersey peinado 24/1, una tela suave, fresca y de excelente calidad. Ideal para uso diario o como prenda base en uniformes empresariales.",JERSEY PEINADO 24/1 -  100% ALGODÓN
L-WW-REM-BASS22,Remera Base Unisex Negro XS,PRODUCTO WORKWEAR,REMERA,ECOMMERCE,10,"$19,990.00","$16,991.50","$16,520.66","$6,663.33",remera-base-unisex/remera-base-unisex-negro-1,remera-base-unisex.jpg,superiores.jpg,"Remera manga corta unisex con cuello base y rib a tono, diseñada para un calce cómodo y versátil. Incluye tapacostura reforzado de hombro a hombro, que mejora la durabilidad y el acabado. Confeccionada en jersey peinado 24/1, una tela suave, fresca y de excelente calidad. Ideal para uso diario o como prenda base en uniformes empresariales.",JERSEY PEINADO 24/1 -  100% ALGODÓN
L-OF-REM-GEN18,Remera Gentle Dama BLANCO 2XL,PRODUCTO OFFICE,REMERA,ECOMMERCE,5,"$23,990.00","$20,391.50","$19,826.45","$7,996.67",remera-gentle-dama/remera-gentle-dama-blanco-1,remera-gentle-dama.jpg,superiores.jpg,"Remera manga corta de dama, con escote en V con rib a tono y corte entallado que realza la silueta. Cuenta con tapacostura interno a tono y largo a la cadera, brindando comodidad y un calce femenino. Confeccionada en jersey 30/1, una tela suave, liviana y de excelente calidad. Ideal para combinar con cualuier prenda de la linea basics y con sastrería. ",JERSEY PEINADO 30/1 -  100% ALGODÓN
L-OF-REM-GEN19,Remera Gentle Dama BLANCO 3XL,PRODUCTO OFFICE,REMERA,ECOMMERCE,3,"$23,990.00","$20,391.50","$19,826.45","$7,996.67",remera-gentle-dama/remera-gentle-dama-blanco-1,remera-gentle-dama.jpg,superiores.jpg,"Remera manga corta de dama, con escote en V con rib a tono y corte entallado que realza la silueta. Cuenta con tapacostura interno a tono y largo a la cadera, brindando comodidad y un calce femenino. Confeccionada en jersey 30/1, una tela suave, liviana y de excelente calidad. Ideal para combinar con cualuier prenda de la linea basics y con sastrería. ",JERSEY PEINADO 30/1 -  100% ALGODÓN
L-OF-REM-GEN16,Remera Gentle Dama BLANCO L,PRODUCTO OFFICE,REMERA,ECOMMERCE,4,"$23,990.00","$20,391.50","$19,826.45","$7,996.67",remera-gentle-dama/remera-gentle-dama-blanco-1,remera-gentle-dama.jpg,superiores.jpg,"Remera manga corta de dama, con escote en V con rib a tono y corte entallado que realza la silueta. Cuenta con tapacostura interno a tono y largo a la cadera, brindando comodidad y un calce femenino. Confeccionada en jersey 30/1, una tela suave, liviana y de excelente calidad. Ideal para combinar con cualuier prenda de la linea basics y con sastrería. ",JERSEY PEINADO 30/1 -  100% ALGODÓN
L-OF-REM-GEN15,Remera Gentle Dama BLANCO M,PRODUCTO OFFICE,REMERA,ECOMMERCE,4,"$23,990.00","$20,391.50","$19,826.45","$7,996.67",remera-gentle-dama/remera-gentle-dama-blanco-1,remera-gentle-dama.jpg,superiores.jpg,"Remera manga corta de dama, con escote en V con rib a tono y corte entallado que realza la silueta. Cuenta con tapacostura interno a tono y largo a la cadera, brindando comodidad y un calce femenino. Confeccionada en jersey 30/1, una tela suave, liviana y de excelente calidad. Ideal para combinar con cualuier prenda de la linea basics y con sastrería. ",JERSEY PEINADO 30/1 -  100% ALGODÓN
L-OF-REM-GEN14,Remera Gentle Dama BLANCO S,PRODUCTO OFFICE,REMERA,ECOMMERCE,1,"$23,990.00","$20,391.50","$19,826.45","$7,996.67",remera-gentle-dama/remera-gentle-dama-blanco-1,remera-gentle-dama.jpg,superiores.jpg,"Remera manga corta de dama, con escote en V con rib a tono y corte entallado que realza la silueta. Cuenta con tapacostura interno a tono y largo a la cadera, brindando comodidad y un calce femenino. Confeccionada en jersey 30/1, una tela suave, liviana y de excelente calidad. Ideal para combinar con cualuier prenda de la linea basics y con sastrería. ",JERSEY PEINADO 30/1 -  100% ALGODÓN
L-OF-REM-GEN17,Remera Gentle Dama BLANCO XL,PRODUCTO OFFICE,REMERA,ECOMMERCE,5,"$23,990.00","$20,391.50","$19,826.45","$7,996.67",remera-gentle-dama/remera-gentle-dama-blanco-1,remera-gentle-dama.jpg,superiores.jpg,"Remera manga corta de dama, con escote en V con rib a tono y corte entallado que realza la silueta. Cuenta con tapacostura interno a tono y largo a la cadera, brindando comodidad y un calce femenino. Confeccionada en jersey 30/1, una tela suave, liviana y de excelente calidad. Ideal para combinar con cualuier prenda de la linea basics y con sastrería. ",JERSEY PEINADO 30/1 -  100% ALGODÓN
L-OF-REM-GEN6,Remera Gentle Dama NEGRO 2XL,PRODUCTO OFFICE,REMERA,ECOMMERCE,5,"$23,990.00","$20,391.50","$19,826.45","$7,996.67",remera-gentle-dama/remera-gentle-dama-negro-1,remera-gentle-dama.jpg,superiores.jpg,"Remera manga corta de dama, con escote en V con rib a tono y corte entallado que realza la silueta. Cuenta con tapacostura interno a tono y largo a la cadera, brindando comodidad y un calce femenino. Confeccionada en jersey 30/1, una tela suave, liviana y de excelente calidad. Ideal para combinar con cualuier prenda de la linea basics y con sastrería. ",JERSEY PEINADO 30/1 -  100% ALGODÓN
L-OF-REM-GEN20,Remera Gentle Dama NEGRO 3XL,PRODUCTO OFFICE,REMERA,ECOMMERCE,3,"$23,990.00","$20,391.50","$19,826.45","$7,996.67",remera-gentle-dama/remera-gentle-dama-negro-1,remera-gentle-dama.jpg,superiores.jpg,"Remera manga corta de dama, con escote en V con rib a tono y corte entallado que realza la silueta. Cuenta con tapacostura interno a tono y largo a la cadera, brindando comodidad y un calce femenino. Confeccionada en jersey 30/1, una tela suave, liviana y de excelente calidad. Ideal para combinar con cualuier prenda de la linea basics y con sastrería. ",JERSEY PEINADO 30/1 -  100% ALGODÓN
L-OF-REM-GEN4,Remera Gentle Dama NEGRO L,PRODUCTO OFFICE,REMERA,ECOMMERCE,5,"$23,990.00","$20,391.50","$19,826.45","$7,996.67",remera-gentle-dama/remera-gentle-dama-negro-1,remera-gentle-dama.jpg,superiores.jpg,"Remera manga corta de dama, con escote en V con rib a tono y corte entallado que realza la silueta. Cuenta con tapacostura interno a tono y largo a la cadera, brindando comodidad y un calce femenino. Confeccionada en jersey 30/1, una tela suave, liviana y de excelente calidad. Ideal para combinar con cualuier prenda de la linea basics y con sastrería. ",JERSEY PEINADO 30/1 -  100% ALGODÓN
L-OF-REM-GEN3,Remera Gentle Dama NEGRO M,PRODUCTO OFFICE,REMERA,ECOMMERCE,5,"$23,990.00","$20,391.50","$19,826.45","$7,996.67",remera-gentle-dama/remera-gentle-dama-negro-1,remera-gentle-dama.jpg,superiores.jpg,"Remera manga corta de dama, con escote en V con rib a tono y corte entallado que realza la silueta. Cuenta con tapacostura interno a tono y largo a la cadera, brindando comodidad y un calce femenino. Confeccionada en jersey 30/1, una tela suave, liviana y de excelente calidad. Ideal para combinar con cualuier prenda de la linea basics y con sastrería. ",JERSEY PEINADO 30/1 -  100% ALGODÓN
L-OF-REM-GEN2,Remera Gentle Dama NEGRO S,PRODUCTO OFFICE,REMERA,ECOMMERCE,3,"$23,990.00","$20,391.50","$19,826.45","$7,996.67",remera-gentle-dama/remera-gentle-dama-negro-1,remera-gentle-dama.jpg,superiores.jpg,"Remera manga corta de dama, con escote en V con rib a tono y corte entallado que realza la silueta. Cuenta con tapacostura interno a tono y largo a la cadera, brindando comodidad y un calce femenino. Confeccionada en jersey 30/1, una tela suave, liviana y de excelente calidad. Ideal para combinar con cualuier prenda de la linea basics y con sastrería. ",JERSEY PEINADO 30/1 -  100% ALGODÓN
L-OF-REM-GEN5,Remera Gentle Dama NEGRO XL,PRODUCTO OFFICE,REMERA,ECOMMERCE,5,"$23,990.00","$20,391.50","$19,826.45","$7,996.67",remera-gentle-dama/remera-gentle-dama-negro-1,remera-gentle-dama.jpg,superiores.jpg,"Remera manga corta de dama, con escote en V con rib a tono y corte entallado que realza la silueta. Cuenta con tapacostura interno a tono y largo a la cadera, brindando comodidad y un calce femenino. Confeccionada en jersey 30/1, una tela suave, liviana y de excelente calidad. Ideal para combinar con cualuier prenda de la linea basics y con sastrería. ",JERSEY PEINADO 30/1 -  100% ALGODÓN
L-WW-CA-ROMP7,Rompevientos Rager Unisex Gris T 2XL,PRODUCTO WORKWEAR,CAMPERA,ECOMMERCE,10,"$65,990.00","$56,091.50","$54,537.19","$21,996.67",rompevientos-rager-unisex/rompevientos-rager-unisex-gristopo-1,rompevientos-ranger-unisex.jpg,superiores.jpg,"Rompeviento unisex con capucha, ideal para protección ligera y confort en todo momento. Diseñado con bolsillo tipo canguro, cierre desmontable reforzado a tono y forrería interna de red color negro que favorece la ventilación. Posee ruedo ajustable con tancas, puños con elástico y recorte trasero con abertura de aireación para mayor comodidad. Confeccionado en sire opaco, liviano, resistente al viento y de secado rápido. Una prenda versátil, práctica y funcional para uso laboral o urbano.",SIRE OPACO - 100% POLIESTER
L-WW-CA-ROMP1,Rompevientos Rager Unisex Gris T 2XS,PRODUCTO WORKWEAR,CAMPERA,ECOMMERCE,7,"$65,990.00","$56,091.50","$54,537.19","$21,996.67",rompevientos-rager-unisex/rompevientos-rager-unisex-gristopo-1,rompevientos-ranger-unisex.jpg,superiores.jpg,"Rompeviento unisex con capucha, ideal para protección ligera y confort en todo momento. Diseñado con bolsillo tipo canguro, cierre desmontable reforzado a tono y forrería interna de red color negro que favorece la ventilación. Posee ruedo ajustable con tancas, puños con elástico y recorte trasero con abertura de aireación para mayor comodidad. Confeccionado en sire opaco, liviano, resistente al viento y de secado rápido. Una prenda versátil, práctica y funcional para uso laboral o urbano.",SIRE OPACO - 100% POLIESTER
L-WW-CA-ROMP8,Rompevientos Rager Unisex Gris T 3XL,PRODUCTO WORKWEAR,CAMPERA,ECOMMERCE,8,"$65,990.00","$56,091.50","$54,537.19","$21,996.67",rompevientos-rager-unisex/rompevientos-rager-unisex-gristopo-1,rompevientos-ranger-unisex.jpg,superiores.jpg,"Rompeviento unisex con capucha, ideal para protección ligera y confort en todo momento. Diseñado con bolsillo tipo canguro, cierre desmontable reforzado a tono y forrería interna de red color negro que favorece la ventilación. Posee ruedo ajustable con tancas, puños con elástico y recorte trasero con abertura de aireación para mayor comodidad. Confeccionado en sire opaco, liviano, resistente al viento y de secado rápido. Una prenda versátil, práctica y funcional para uso laboral o urbano.",SIRE OPACO - 100% POLIESTER
L-WW-CA-ROMP5,Rompevientos Rager Unisex Gris T L,PRODUCTO WORKWEAR,CAMPERA,ECOMMERCE,10,"$65,990.00","$56,091.50","$54,537.19","$21,996.67",rompevientos-rager-unisex/rompevientos-rager-unisex-gristopo-1,rompevientos-ranger-unisex.jpg,superiores.jpg,"Rompeviento unisex con capucha, ideal para protección ligera y confort en todo momento. Diseñado con bolsillo tipo canguro, cierre desmontable reforzado a tono y forrería interna de red color negro que favorece la ventilación. Posee ruedo ajustable con tancas, puños con elástico y recorte trasero con abertura de aireación para mayor comodidad. Confeccionado en sire opaco, liviano, resistente al viento y de secado rápido. Una prenda versátil, práctica y funcional para uso laboral o urbano.",SIRE OPACO - 100% POLIESTER
L-WW-CA-ROMP4,Rompevientos Rager Unisex Gris T M,PRODUCTO WORKWEAR,CAMPERA,ECOMMERCE,5,"$65,990.00","$56,091.50","$54,537.19","$21,996.67",rompevientos-rager-unisex/rompevientos-rager-unisex-gristopo-1,rompevientos-ranger-unisex.jpg,superiores.jpg,"Rompeviento unisex con capucha, ideal para protección ligera y confort en todo momento. Diseñado con bolsillo tipo canguro, cierre desmontable reforzado a tono y forrería interna de red color negro que favorece la ventilación. Posee ruedo ajustable con tancas, puños con elástico y recorte trasero con abertura de aireación para mayor comodidad. Confeccionado en sire opaco, liviano, resistente al viento y de secado rápido. Una prenda versátil, práctica y funcional para uso laboral o urbano.",SIRE OPACO - 100% POLIESTER
L-WW-CA-ROMP3,Rompevientos Rager Unisex Gris T S,PRODUCTO WORKWEAR,CAMPERA,ECOMMERCE,8,"$65,990.00","$56,091.50","$54,537.19","$21,996.67",rompevientos-rager-unisex/rompevientos-rager-unisex-gristopo-1,rompevientos-ranger-unisex.jpg,superiores.jpg,"Rompeviento unisex con capucha, ideal para protección ligera y confort en todo momento. Diseñado con bolsillo tipo canguro, cierre desmontable reforzado a tono y forrería interna de red color negro que favorece la ventilación. Posee ruedo ajustable con tancas, puños con elástico y recorte trasero con abertura de aireación para mayor comodidad. Confeccionado en sire opaco, liviano, resistente al viento y de secado rápido. Una prenda versátil, práctica y funcional para uso laboral o urbano.",SIRE OPACO - 100% POLIESTER
L-WW-CA-ROMP6,Rompevientos Rager Unisex Gris T XL,PRODUCTO WORKWEAR,CAMPERA,ECOMMERCE,9,"$65,990.00","$56,091.50","$54,537.19","$21,996.67",rompevientos-rager-unisex/rompevientos-rager-unisex-gristopo-1,rompevientos-ranger-unisex.jpg,superiores.jpg,"Rompeviento unisex con capucha, ideal para protección ligera y confort en todo momento. Diseñado con bolsillo tipo canguro, cierre desmontable reforzado a tono y forrería interna de red color negro que favorece la ventilación. Posee ruedo ajustable con tancas, puños con elástico y recorte trasero con abertura de aireación para mayor comodidad. Confeccionado en sire opaco, liviano, resistente al viento y de secado rápido. Una prenda versátil, práctica y funcional para uso laboral o urbano.",SIRE OPACO - 100% POLIESTER
L-WW-CA-ROMP2,Rompevientos Rager Unisex Gris T XS,PRODUCTO WORKWEAR,CAMPERA,ECOMMERCE,7,"$65,990.00","$56,091.50","$54,537.19","$21,996.67",rompevientos-rager-unisex/rompevientos-rager-unisex-gristopo-1,rompevientos-ranger-unisex.jpg,superiores.jpg,"Rompeviento unisex con capucha, ideal para protección ligera y confort en todo momento. Diseñado con bolsillo tipo canguro, cierre desmontable reforzado a tono y forrería interna de red color negro que favorece la ventilación. Posee ruedo ajustable con tancas, puños con elástico y recorte trasero con abertura de aireación para mayor comodidad. Confeccionado en sire opaco, liviano, resistente al viento y de secado rápido. Una prenda versátil, práctica y funcional para uso laboral o urbano.",SIRE OPACO - 100% POLIESTER
L-WW-CA-ROMP23,Rompevientos Rager Unisex Negro 2XL,PRODUCTO WORKWEAR,CAMPERA,ECOMMERCE,18,"$65,990.00","$56,091.50","$54,537.19","$21,996.67",rompevientos-rager-unisex/rompevientos-rager-unisex-negro-1,rompevientos-ranger-unisex.jpg,superiores.jpg,"Rompeviento unisex con capucha, ideal para protección ligera y confort en todo momento. Diseñado con bolsillo tipo canguro, cierre desmontable reforzado a tono y forrería interna de red color negro que favorece la ventilación. Posee ruedo ajustable con tancas, puños con elástico y recorte trasero con abertura de aireación para mayor comodidad. Confeccionado en sire opaco, liviano, resistente al viento y de secado rápido. Una prenda versátil, práctica y funcional para uso laboral o urbano.",SIRE OPACO - 100% POLIESTER
L-WW-CA-ROMP17,Rompevientos Rager Unisex Negro 2XS,PRODUCTO WORKWEAR,CAMPERA,ECOMMERCE,5,"$65,990.00","$56,091.50","$54,537.19","$21,996.67",rompevientos-rager-unisex/rompevientos-rager-unisex-negro-1,rompevientos-ranger-unisex.jpg,superiores.jpg,"Rompeviento unisex con capucha, ideal para protección ligera y confort en todo momento. Diseñado con bolsillo tipo canguro, cierre desmontable reforzado a tono y forrería interna de red color negro que favorece la ventilación. Posee ruedo ajustable con tancas, puños con elástico y recorte trasero con abertura de aireación para mayor comodidad. Confeccionado en sire opaco, liviano, resistente al viento y de secado rápido. Una prenda versátil, práctica y funcional para uso laboral o urbano.",SIRE OPACO - 100% POLIESTER
L-WW-CA-ROMP24,Rompevientos Rager Unisex Negro 3XL,PRODUCTO WORKWEAR,CAMPERA,ECOMMERCE,7,"$65,990.00","$56,091.50","$54,537.19","$21,996.67",rompevientos-rager-unisex/rompevientos-rager-unisex-negro-1,rompevientos-ranger-unisex.jpg,superiores.jpg,"Rompeviento unisex con capucha, ideal para protección ligera y confort en todo momento. Diseñado con bolsillo tipo canguro, cierre desmontable reforzado a tono y forrería interna de red color negro que favorece la ventilación. Posee ruedo ajustable con tancas, puños con elástico y recorte trasero con abertura de aireación para mayor comodidad. Confeccionado en sire opaco, liviano, resistente al viento y de secado rápido. Una prenda versátil, práctica y funcional para uso laboral o urbano.",SIRE OPACO - 100% POLIESTER
L-WW-CA-ROMP21,Rompevientos Rager Unisex Negro L,PRODUCTO WORKWEAR,CAMPERA,ECOMMERCE,29,"$65,990.00","$56,091.50","$54,537.19","$21,996.67",rompevientos-rager-unisex/rompevientos-rager-unisex-negro-1,rompevientos-ranger-unisex.jpg,superiores.jpg,"Rompeviento unisex con capucha, ideal para protección ligera y confort en todo momento. Diseñado con bolsillo tipo canguro, cierre desmontable reforzado a tono y forrería interna de red color negro que favorece la ventilación. Posee ruedo ajustable con tancas, puños con elástico y recorte trasero con abertura de aireación para mayor comodidad. Confeccionado en sire opaco, liviano, resistente al viento y de secado rápido. Una prenda versátil, práctica y funcional para uso laboral o urbano.",SIRE OPACO - 100% POLIESTER
L-WW-CA-ROMP20,Rompevientos Rager Unisex Negro M,PRODUCTO WORKWEAR,CAMPERA,ECOMMERCE,29,"$65,990.00","$56,091.50","$54,537.19","$21,996.67",rompevientos-rager-unisex/rompevientos-rager-unisex-negro-1,rompevientos-ranger-unisex.jpg,superiores.jpg,"Rompeviento unisex con capucha, ideal para protección ligera y confort en todo momento. Diseñado con bolsillo tipo canguro, cierre desmontable reforzado a tono y forrería interna de red color negro que favorece la ventilación. Posee ruedo ajustable con tancas, puños con elástico y recorte trasero con abertura de aireación para mayor comodidad. Confeccionado en sire opaco, liviano, resistente al viento y de secado rápido. Una prenda versátil, práctica y funcional para uso laboral o urbano.",SIRE OPACO - 100% POLIESTER
L-WW-CA-ROMP19,Rompevientos Rager Unisex Negro S,PRODUCTO WORKWEAR,CAMPERA,ECOMMERCE,28,"$65,990.00","$56,091.50","$54,537.19","$21,996.67",rompevientos-rager-unisex/rompevientos-rager-unisex-negro-1,rompevientos-ranger-unisex.jpg,superiores.jpg,"Rompeviento unisex con capucha, ideal para protección ligera y confort en todo momento. Diseñado con bolsillo tipo canguro, cierre desmontable reforzado a tono y forrería interna de red color negro que favorece la ventilación. Posee ruedo ajustable con tancas, puños con elástico y recorte trasero con abertura de aireación para mayor comodidad. Confeccionado en sire opaco, liviano, resistente al viento y de secado rápido. Una prenda versátil, práctica y funcional para uso laboral o urbano.",SIRE OPACO - 100% POLIESTER
L-WW-CA-ROMP22,Rompevientos Rager Unisex Negro XL,PRODUCTO WORKWEAR,CAMPERA,ECOMMERCE,18,"$65,990.00","$56,091.50","$54,537.19","$21,996.67",rompevientos-rager-unisex/rompevientos-rager-unisex-negro-1,rompevientos-ranger-unisex.jpg,superiores.jpg,"Rompeviento unisex con capucha, ideal para protección ligera y confort en todo momento. Diseñado con bolsillo tipo canguro, cierre desmontable reforzado a tono y forrería interna de red color negro que favorece la ventilación. Posee ruedo ajustable con tancas, puños con elástico y recorte trasero con abertura de aireación para mayor comodidad. Confeccionado en sire opaco, liviano, resistente al viento y de secado rápido. Una prenda versátil, práctica y funcional para uso laboral o urbano.",SIRE OPACO - 100% POLIESTER
L-WW-CA-ROMP18,Rompevientos Rager Unisex Negro XS,PRODUCTO WORKWEAR,CAMPERA,ECOMMERCE,6,"$65,990.00","$56,091.50","$54,537.19","$21,996.67",rompevientos-rager-unisex/rompevientos-rager-unisex-negro-1,rompevientos-ranger-unisex.jpg,superiores.jpg,"Rompeviento unisex con capucha, ideal para protección ligera y confort en todo momento. Diseñado con bolsillo tipo canguro, cierre desmontable reforzado a tono y forrería interna de red color negro que favorece la ventilación. Posee ruedo ajustable con tancas, puños con elástico y recorte trasero con abertura de aireación para mayor comodidad. Confeccionado en sire opaco, liviano, resistente al viento y de secado rápido. Una prenda versátil, práctica y funcional para uso laboral o urbano.",SIRE OPACO - 100% POLIESTER
L-OF-TEJ- SW - ESSE21,Sweater Essence H AZUL MAR L,PRODUCTO OFFICE,TEJIDO,ECOMMERCE,10,"$69,990.00","$59,491.50","$57,842.98","$23,330.00",sweater-essence-hombre/sweater-essence-hombre-azulmarino-1,sweater-essence-hombre.jpg,superiores.jpg,"Sweater de hombre con cuello basey corte slim fit, de estilo clásico y versátil, ideal para uso laboral o casual. Confeccionado en algodón con lycra, que aporta suavidad, elasticidad y comodidad durante todo el día. Una prenda básica, resistente y confortable para complementar cualquier uniforme o look diario.",ALGODÓN C/LYCRA
L-OF-TEJ- SW - ESSE20,Sweater Essence H AZUL MAR M,PRODUCTO OFFICE,TEJIDO,ECOMMERCE,10,"$69,990.00","$59,491.50","$57,842.98","$23,330.00",sweater-essence-hombre/sweater-essence-hombre-azulmarino-1,sweater-essence-hombre.jpg,superiores.jpg,"Sweater de hombre con cuello basey corte slim fit, de estilo clásico y versátil, ideal para uso laboral o casual. Confeccionado en algodón con lycra, que aporta suavidad, elasticidad y comodidad durante todo el día. Una prenda básica, resistente y confortable para complementar cualquier uniforme o look diario.",ALGODÓN C/LYCRA
L-OF-TEJ- SW - ESSE22,Sweater Essence H AZUL MAR XL,PRODUCTO OFFICE,TEJIDO,ECOMMERCE,6,"$69,990.00","$59,491.50","$57,842.98","$23,330.00",sweater-essence-hombre/sweater-essence-hombre-azulmarino-1,sweater-essence-hombre.jpg,superiores.jpg,"Sweater de hombre con cuello basey corte slim fit, de estilo clásico y versátil, ideal para uso laboral o casual. Confeccionado en algodón con lycra, que aporta suavidad, elasticidad y comodidad durante todo el día. Una prenda básica, resistente y confortable para complementar cualquier uniforme o look diario.",ALGODÓN C/LYCRA
L-OF-TEJ- SW - ESSE3,Sweater Essence H GRIS MEL CL L,PRODUCTO OFFICE,TEJIDO,ECOMMERCE,11,"$69,990.00","$59,491.50","$57,842.98","$23,330.00",sweater-essence-hombre/sweater-essence-hombre-grismelange-1,sweater-essence-hombre.jpg,superiores.jpg,"Sweater de hombre con cuello basey corte slim fit, de estilo clásico y versátil, ideal para uso laboral o casual. Confeccionado en algodón con lycra, que aporta suavidad, elasticidad y comodidad durante todo el día. Una prenda básica, resistente y confortable para complementar cualquier uniforme o look diario.",ALGODÓN C/LYCRA
L-OF-TEJ- SW - ESSE2,Sweater Essence H GRIS MEL CL M,PRODUCTO OFFICE,TEJIDO,ECOMMERCE,23,"$69,990.00","$59,491.50","$57,842.98","$23,330.00",sweater-essence-hombre/sweater-essence-hombre-grismelange-1,sweater-essence-hombre.jpg,superiores.jpg,"Sweater de hombre con cuello basey corte slim fit, de estilo clásico y versátil, ideal para uso laboral o casual. Confeccionado en algodón con lycra, que aporta suavidad, elasticidad y comodidad durante todo el día. Una prenda básica, resistente y confortable para complementar cualquier uniforme o look diario.",ALGODÓN C/LYCRA
L-OF-TEJ- SW - ESSE1,Sweater Essence H GRIS MEL CL S,PRODUCTO OFFICE,TEJIDO,ECOMMERCE,10,"$69,990.00","$59,491.50","$57,842.98","$23,330.00",sweater-essence-hombre/sweater-essence-hombre-grismelange-1,sweater-essence-hombre.jpg,superiores.jpg,"Sweater de hombre con cuello basey corte slim fit, de estilo clásico y versátil, ideal para uso laboral o casual. Confeccionado en algodón con lycra, que aporta suavidad, elasticidad y comodidad durante todo el día. Una prenda básica, resistente y confortable para complementar cualquier uniforme o look diario.",ALGODÓN C/LYCRA
L-OF-TEJ- SW - ESSE4,Sweater Essence H GRIS MEL CL XL,PRODUCTO OFFICE,TEJIDO,ECOMMERCE,2,"$69,990.00","$59,491.50","$57,842.98","$23,330.00",sweater-essence-hombre/sweater-essence-hombre-grismelange-1,sweater-essence-hombre.jpg,superiores.jpg,"Sweater de hombre con cuello basey corte slim fit, de estilo clásico y versátil, ideal para uso laboral o casual. Confeccionado en algodón con lycra, que aporta suavidad, elasticidad y comodidad durante todo el día. Una prenda básica, resistente y confortable para complementar cualquier uniforme o look diario.",ALGODÓN C/LYCRA
L-OF-TEJ- SW - ESSE17,Sweater Essence H NEG 2XL,PRODUCTO OFFICE,TEJIDO,ECOMMERCE,17,"$69,990.00","$59,491.50","$57,842.98","$23,330.00",sweater-essence-hombre/sweater-essence-hombre-negro-1,sweater-essence-hombre.jpg,superiores.jpg,"Sweater de hombre con cuello basey corte slim fit, de estilo clásico y versátil, ideal para uso laboral o casual. Confeccionado en algodón con lycra, que aporta suavidad, elasticidad y comodidad durante todo el día. Una prenda básica, resistente y confortable para complementar cualquier uniforme o look diario.",ALGODÓN C/LYCRA
L-OF-TEJ- SW - ESSE15,Sweater Essence H NEG L,PRODUCTO OFFICE,TEJIDO,ECOMMERCE,23,"$69,990.00","$59,491.50","$57,842.98","$23,330.00",sweater-essence-hombre/sweater-essence-hombre-negro-1,sweater-essence-hombre.jpg,superiores.jpg,"Sweater de hombre con cuello basey corte slim fit, de estilo clásico y versátil, ideal para uso laboral o casual. Confeccionado en algodón con lycra, que aporta suavidad, elasticidad y comodidad durante todo el día. Una prenda básica, resistente y confortable para complementar cualquier uniforme o look diario.",ALGODÓN C/LYCRA
L-OF-TEJ- SW - ESSE14,Sweater Essence H NEG M,PRODUCTO OFFICE,TEJIDO,ECOMMERCE,19,"$69,990.00","$59,491.50","$57,842.98","$23,330.00",sweater-essence-hombre/sweater-essence-hombre-negro-1,sweater-essence-hombre.jpg,superiores.jpg,"Sweater de hombre con cuello basey corte slim fit, de estilo clásico y versátil, ideal para uso laboral o casual. Confeccionado en algodón con lycra, que aporta suavidad, elasticidad y comodidad durante todo el día. Una prenda básica, resistente y confortable para complementar cualquier uniforme o look diario.",ALGODÓN C/LYCRA
L-OF-TEJ- SW - ESSE13,Sweater Essence H NEG S,PRODUCTO OFFICE,TEJIDO,ECOMMERCE,11,"$69,990.00","$59,491.50","$57,842.98","$23,330.00",sweater-essence-hombre/sweater-essence-hombre-negro-1,sweater-essence-hombre.jpg,superiores.jpg,"Sweater de hombre con cuello basey corte slim fit, de estilo clásico y versátil, ideal para uso laboral o casual. Confeccionado en algodón con lycra, que aporta suavidad, elasticidad y comodidad durante todo el día. Una prenda básica, resistente y confortable para complementar cualquier uniforme o look diario.",ALGODÓN C/LYCRA
L-OF-TEJ- SW - ESSE16,Sweater Essence H NEG XL,PRODUCTO OFFICE,TEJIDO,ECOMMERCE,14,"$69,990.00","$59,491.50","$57,842.98","$23,330.00",sweater-essence-hombre/sweater-essence-hombre-negro-1,sweater-essence-hombre.jpg,superiores.jpg,"Sweater de hombre con cuello basey corte slim fit, de estilo clásico y versátil, ideal para uso laboral o casual. Confeccionado en algodón con lycra, que aporta suavidad, elasticidad y comodidad durante todo el día. Una prenda básica, resistente y confortable para complementar cualquier uniforme o look diario.",ALGODÓN C/LYCRA